0,vina_mean,vina_median,vina_max,vina_min,Active
6puw_ligand,-6.98,-6.91,-6.15,-9.86,1.0
active_10,-5.97,-5.92,-5.25,-8.23,1.0
active_11,-6.67,-6.58,-5.92,-8.72,1.0
active_12,-7.33,-7.27,-6.48,-9.38,1.0
active_13,-6.11,-6.04,-5.38,-7.74,1.0
active_14,-6.48,-6.39,-5.69,-8.71,1.0
active_15,-6.74,-6.64,-5.13,-9.6,1.0
active_16,-6.47,-6.34,-5.58,-8.55,1.0
active_17,-6.46,-6.42,-5.67,-9.09,1.0
active_18,-6.87,-6.78,-6.19,-8.14,1.0
active_19,-5.76,-5.73,-4.79,-7.31,1.0
active_2,-7.52,-7.42,-6.71,-10.42,1.0
active_20,-7.17,-7.04,-6.34,-10.02,1.0
active_21,-8.76,-8.66,-8.1,-10.25,1.0
active_22,-6.5,-6.39,-5.61,-9.28,1.0
active_23,-6.14,-6.06,-5.28,-8.01,1.0
active_24,-6.16,-6.08,-5.18,-7.89,1.0
active_25,-5.21,-5.12,-4.48,-6.85,1.0
active_26,-6.46,-6.38,-2.31,-8.26,1.0
active_27,-6.48,-6.42,-5.73,-8.77,1.0
active_28,-7.3,-7.2,-6.58,-9.18,1.0
active_29,-5.3,-5.41,7.7,-7.9,1.0
active_3,-6.36,-6.26,-5.57,-8.43,1.0
active_30,-5.6,-5.53,-4.17,-7.46,1.0
active_31,-6.38,-6.31,-5.63,-8.59,1.0
active_4,-6.64,-6.54,-3.77,-9.43,1.0
active_5,-6.55,-6.49,-5.62,-8.7,1.0
active_6,-6.15,-6.05,-5.23,-8.45,1.0
active_7,-6.66,-6.57,2.56,-8.9,1.0
active_8,-5.93,-5.9,-5.04,-7.83,1.0
active_9,-5.99,-5.96,11.84,-7.99,1.0
dude_1,-6.84,-6.78,-6.18,-8.32,0.0
dude_10,-7.75,-7.68,-7.04,-9.64,0.0
dude_100,-5.79,-5.72,-3.25,-7.64,0.0
dude_1000,-4.94,-4.81,10.41,-8.24,0.0
dude_1001,-4.73,-4.77,-3.1,-7.44,0.0
dude_1002,-6.18,-6.12,-5.53,-7.91,0.0
dude_1003,-5.11,-5.06,-4.39,-6.72,0.0
dude_1004,-5.99,-5.94,-5.42,-7.35,0.0
dude_1005,-6.05,-5.99,19.52,-8.08,0.0
dude_1006,-5.21,-5.17,3.07,-6.81,0.0
dude_1007,-6.01,-5.94,-5.48,-7.43,0.0
dude_1008,-5.45,-5.41,-4.87,-6.71,0.0
dude_1009,-4.9,-4.87,-3.42,-7.25,0.0
dude_101,-6.33,-6.24,-5.76,-7.98,0.0
dude_1010,-4.94,-4.89,-3.81,-6.7,0.0
dude_1011,-6.02,-5.93,-4.16,-8.96,0.0
dude_1012,-5.26,-5.28,43.71,-7.32,0.0
dude_1013,-5.3,-5.25,-4.6,-7.14,0.0
dude_1014,-5.74,-5.68,-4.99,-7.63,0.0
dude_1015,-5.49,-5.44,-4.68,-7.18,0.0
dude_1016,-5.25,-5.22,-4.57,-6.51,0.0
dude_1017,-6.07,-6.03,-5.46,-7.43,0.0
dude_1018,-6.28,-6.23,-5.62,-7.88,0.0
dude_1019,-6.45,-6.35,-5.73,-8.14,0.0
dude_102,-6.26,-6.22,1.48,-8.1,0.0
dude_1020,-6.03,-5.99,-5.26,-7.36,0.0
dude_1021,-6.53,-6.49,-4.01,-8.66,0.0
dude_1022,-6.3,-6.26,-5.56,-7.71,0.0
dude_1023,-5.86,-5.8,-5.24,-7.69,0.0
dude_1024,-5.56,-5.48,-4.88,-6.82,0.0
dude_1025,-6.05,-6.02,11.55,-7.7,0.0
dude_1026,-5.43,-5.36,-4.81,-6.59,0.0
dude_1027,-5.89,-5.82,-5.06,-7.6,0.0
dude_1028,-6.12,-6.04,-5.43,-7.92,0.0
dude_1029,-5.98,-5.96,-5.19,-7.39,0.0
dude_103,-6.29,-6.17,-5.63,-8.0,0.0
dude_1030,-5.35,-5.27,-4.75,-7.14,0.0
dude_1031,-6.22,-6.23,6.33,-8.22,0.0
dude_1032,-5.8,-5.74,-5.08,-7.17,0.0
dude_1033,-5.33,-5.26,-4.7,-6.96,0.0
dude_1034,-6.12,-6.04,-5.53,-7.71,0.0
dude_1035,-5.36,-5.3,-4.68,-6.72,0.0
dude_1036,-6.29,-6.22,-5.59,-7.74,0.0
dude_1037,-5.83,-5.72,-5.17,-7.67,0.0
dude_1038,-6.3,-6.19,-5.6,-8.23,0.0
dude_1039,-6.25,-6.2,-5.62,-7.86,0.0
dude_104,-6.01,-5.94,-5.41,-7.36,0.0
dude_1040,-5.0,-4.91,-4.39,-6.54,0.0
dude_1041,-6.08,-6.02,-5.37,-7.85,0.0
dude_1042,-6.16,-6.05,-5.41,-9.1,0.0
dude_1043,-6.48,-6.43,-3.05,-7.92,0.0
dude_1044,-6.63,-6.51,-4.5,-8.44,0.0
dude_1045,-5.95,-5.89,-5.28,-7.35,0.0
dude_1046,-5.34,-5.3,-4.69,-6.51,0.0
dude_1047,-5.97,-5.95,-5.2,-8.08,0.0
dude_1048,-6.98,-6.92,-6.36,-8.41,0.0
dude_1049,-5.78,-5.71,-5.09,-8.08,0.0
dude_105,-6.19,-6.13,-5.62,-7.71,0.0
dude_1050,-5.73,-5.69,-5.18,-7.13,0.0
dude_1051,-4.85,-4.78,-4.1,-6.88,0.0
dude_1052,-5.52,-5.47,-4.86,-7.17,0.0
dude_1053,-5.34,-5.26,-4.56,-7.13,0.0
dude_1054,-5.49,-5.45,-4.93,-6.78,0.0
dude_1055,-5.35,-5.31,-4.72,-6.7,0.0
dude_1056,-4.9,-4.87,-4.26,-6.03,0.0
dude_1057,-5.79,-5.76,9.71,-7.6,0.0
dude_1058,-5.53,-5.43,-4.76,-8.35,0.0
dude_1059,-5.31,-5.26,-4.69,-6.67,0.0
dude_106,-5.05,-4.99,-4.17,-7.1,0.0
dude_1060,-5.4,-5.33,-4.59,-7.23,0.0
dude_1061,-5.31,-5.26,-4.72,-6.62,0.0
dude_1062,-5.57,-5.53,-4.86,-7.28,0.0
dude_1063,-5.61,-5.56,-4.98,-7.36,0.0
dude_1064,-5.17,-5.13,-4.42,-7.02,0.0
dude_1065,-5.2,-5.12,-4.31,-6.84,0.0
dude_1066,-5.18,-5.1,-4.36,-6.79,0.0
dude_1067,-5.04,-5.02,1.38,-6.5,0.0
dude_1068,-5.0,-4.95,-4.3,-6.26,0.0
dude_1069,-5.03,-4.98,-4.34,-6.28,0.0
dude_107,-6.89,-6.84,7.47,-8.31,0.0
dude_1070,-5.51,-5.46,-4.88,-7.22,0.0
dude_1071,-5.26,-5.2,-4.72,-6.62,0.0
dude_1072,-5.2,-5.15,-3.88,-7.27,0.0
dude_1073,-5.46,-5.41,-4.79,-7.03,0.0
dude_1074,-4.65,-4.6,-3.83,-6.69,0.0
dude_1075,-4.97,-4.91,-4.3,-7.06,0.0
dude_1076,-4.96,-4.88,-4.33,-6.86,0.0
dude_1077,-5.39,-5.32,-4.63,-7.74,0.0
dude_1078,-5.86,-5.79,-5.12,-7.58,0.0
dude_1079,-5.1,-5.2,104.9,-7.39,0.0
dude_108,-6.02,-6.0,-5.2,-7.29,0.0
dude_1080,-4.97,-4.91,-4.16,-6.98,0.0
dude_1081,-5.13,-5.09,-4.37,-6.86,0.0
dude_1082,-5.51,-5.42,-4.28,-7.35,0.0
dude_1083,-5.47,-5.42,-4.86,-6.94,0.0
dude_1084,-4.98,-4.93,-3.93,-6.34,0.0
dude_1085,-5.8,-5.74,-5.05,-7.18,0.0
dude_1086,-5.49,-5.43,-4.78,-7.13,0.0
dude_1087,-5.43,-5.36,-4.68,-7.11,0.0
dude_1088,-5.64,-5.56,-4.98,-7.58,0.0
dude_1089,-4.73,-4.7,-3.9,-6.4,0.0
dude_109,-5.68,-5.61,-5.19,-7.04,0.0
dude_1090,-5.25,-5.19,-4.53,-7.04,0.0
dude_1091,-5.21,-5.13,-4.45,-6.72,0.0
dude_1092,-5.66,-5.6,-5.1,-7.22,0.0
dude_1093,-5.07,-4.98,-4.18,-6.8,0.0
dude_1094,-5.36,-5.25,-4.56,-6.96,0.0
dude_1095,-4.91,-4.84,-3.84,-6.55,0.0
dude_1096,-5.33,-5.28,-4.7,-6.56,0.0
dude_1097,-5.2,-5.16,-4.56,-6.72,0.0
dude_1098,-5.49,-5.43,-4.77,-6.74,0.0
dude_1099,-5.97,-5.88,-5.09,-7.66,0.0
dude_11,-6.15,-6.17,-1.44,-8.21,0.0
dude_110,-6.71,-6.64,-6.03,-8.26,0.0
dude_1100,-5.61,-5.52,-4.91,-7.0,0.0
dude_1101,-5.68,-5.56,-4.88,-7.99,0.0
dude_1102,-5.5,-5.47,-4.72,-6.74,0.0
dude_1103,-5.2,-5.13,-4.31,-6.99,0.0
dude_1104,-5.13,-5.12,21.48,-7.88,0.0
dude_1105,-5.41,-5.39,-4.69,-6.94,0.0
dude_1106,-5.65,-5.58,-4.96,-8.1,0.0
dude_1107,-6.19,-6.13,-5.42,-7.9,0.0
dude_1108,-6.19,-6.1,-5.45,-7.88,0.0
dude_1109,-6.1,-6.02,-5.36,-7.92,0.0
dude_111,-6.14,-6.05,-5.41,-7.72,0.0
dude_1110,-5.19,-5.14,-0.63,-6.99,0.0
dude_1111,-5.55,-5.51,-2.94,-7.46,0.0
dude_1112,-4.98,-4.91,-4.22,-6.9,0.0
dude_1113,-5.68,-5.62,-5.0,-7.31,0.0
dude_1114,-5.74,-5.68,-5.06,-7.58,0.0
dude_1115,-6.25,-6.18,-5.64,-7.74,0.0
dude_1116,-6.44,-6.4,-5.78,-8.05,0.0
dude_1117,-5.66,-5.59,-4.9,-7.64,0.0
dude_1118,-5.76,-5.71,-4.92,-7.89,0.0
dude_1119,-5.31,-5.22,-4.61,-7.47,0.0
dude_112,-5.06,-4.98,-4.29,-7.31,0.0
dude_1120,-5.97,-5.93,-5.29,-7.84,0.0
dude_1121,-6.08,-6.01,-5.3,-7.54,0.0
dude_1122,-6.23,-6.15,-5.44,-7.76,0.0
dude_1123,-6.31,-6.24,-5.51,-8.29,0.0
dude_1124,-5.3,-5.17,-4.55,-7.08,0.0
dude_1125,-5.79,-5.73,1.11,-7.9,0.0
dude_1126,-5.01,-4.96,-4.4,-6.71,0.0
dude_1127,-5.85,-5.78,-5.1,-7.39,0.0
dude_1128,-5.28,-5.2,-4.3,-7.36,0.0
dude_1129,-6.02,-5.93,-5.18,-8.46,0.0
dude_113,-6.34,-6.28,-5.38,-7.98,0.0
dude_1130,-5.41,-5.38,-3.98,-7.28,0.0
dude_1131,-5.29,-5.23,-4.59,-6.87,0.0
dude_1132,-5.97,-5.89,-5.13,-7.53,0.0
dude_1133,-5.47,-5.42,-4.75,-6.97,0.0
dude_1134,-5.88,-5.76,-5.16,-7.82,0.0
dude_1135,-5.85,-5.85,-5.02,-7.38,0.0
dude_1136,-5.12,-5.02,0.36,-7.48,0.0
dude_1137,-5.75,-5.69,-4.94,-7.96,0.0
dude_1138,-5.6,-5.52,-4.54,-7.76,0.0
dude_1139,-5.59,-5.52,-5.03,-7.22,0.0
dude_114,-5.35,-5.28,-4.59,-7.07,0.0
dude_1140,-5.91,-5.89,1.22,-8.04,0.0
dude_1141,-5.69,-5.63,-5.08,-7.48,0.0
dude_1142,-6.2,-6.14,-5.44,-7.82,0.0
dude_1143,-6.31,-6.24,-5.56,-8.0,0.0
dude_1144,-5.87,-5.81,-5.18,-7.56,0.0
dude_1145,-5.41,-5.39,-4.37,-7.17,0.0
dude_1146,-5.84,-5.77,-0.79,-7.54,0.0
dude_1147,-6.11,-6.12,-5.36,-7.34,0.0
dude_1148,-5.78,-5.74,-5.05,-7.14,0.0
dude_1149,-5.52,-5.47,-4.84,-7.0,0.0
dude_115,-6.87,-6.77,-6.14,-8.95,0.0
dude_1150,-6.39,-6.33,-5.66,-8.04,0.0
dude_1151,-5.79,-5.74,-5.05,-7.29,0.0
dude_1152,-4.77,-4.74,6.25,-6.91,0.0
dude_1153,-5.14,-5.08,-4.36,-6.72,0.0
dude_1154,-5.59,-5.55,-4.88,-7.08,0.0
dude_1155,-5.27,-5.2,-4.51,-6.75,0.0
dude_1156,-5.5,-5.46,-4.68,-7.56,0.0
dude_1157,-4.56,-4.54,-3.9,-5.7,0.0
dude_1158,-5.22,-5.2,-4.48,-6.9,0.0
dude_1159,-5.26,-5.21,-4.45,-6.86,0.0
dude_116,-5.71,-5.69,10.76,-8.53,0.0
dude_1160,-5.6,-5.58,-4.84,-6.96,0.0
dude_1161,-5.2,-5.14,-4.57,-6.75,0.0
dude_1162,-5.09,-5.05,-4.31,-6.75,0.0
dude_1163,-5.22,-5.23,50.5,-6.7,0.0
dude_1164,-5.4,-5.32,-4.56,-7.68,0.0
dude_1165,-5.09,-5.06,-4.45,-6.33,0.0
dude_1166,-5.18,-5.14,-1.29,-7.02,0.0
dude_1167,-5.65,-5.57,-4.92,-7.04,0.0
dude_1168,-5.22,-5.16,-4.46,-6.89,0.0
dude_1169,-4.83,-4.77,-4.13,-6.27,0.0
dude_117,-6.41,-6.32,-5.76,-8.46,0.0
dude_1170,-5.17,-5.1,-4.39,-7.66,0.0
dude_1171,-5.27,-5.22,-4.63,-6.73,0.0
dude_1172,-4.68,-4.63,-3.93,-6.66,0.0
dude_1173,-4.87,-4.84,-4.15,-6.27,0.0
dude_1174,-4.88,-4.82,-4.25,-6.52,0.0
dude_1175,-5.61,-5.54,-4.86,-7.97,0.0
dude_1176,-5.24,-5.15,-3.73,-7.21,0.0
dude_1177,-5.44,-5.36,-4.68,-6.96,0.0
dude_1178,-4.91,-4.87,-4.18,-6.31,0.0
dude_1179,-5.69,-5.62,-4.97,-7.48,0.0
dude_118,-6.7,-6.63,-6.07,-8.25,0.0
dude_1180,-5.21,-5.19,-4.44,-6.76,0.0
dude_1181,-5.2,-5.16,-1.34,-6.79,0.0
dude_1182,-5.36,-5.25,-4.67,-7.72,0.0
dude_1183,-5.3,-5.25,-4.47,-7.02,0.0
dude_1184,-5.58,-5.51,-4.82,-7.65,0.0
dude_1185,-5.43,-5.41,-4.8,-6.78,0.0
dude_1186,-5.15,-5.08,-4.38,-6.79,0.0
dude_1187,-5.69,-5.59,-5.09,-7.17,0.0
dude_1188,-5.69,-5.55,-4.89,-8.2,0.0
dude_1189,-4.23,-4.16,-3.49,-5.76,0.0
dude_119,-5.33,-5.23,-4.42,-8.12,0.0
dude_1190,-5.13,-5.07,-4.5,-6.56,0.0
dude_1191,-5.79,-5.72,-5.14,-7.42,0.0
dude_1192,-5.81,-5.73,-5.05,-7.92,0.0
dude_1193,-5.93,-5.88,-5.13,-7.41,0.0
dude_1194,-4.68,-4.63,-4.08,-5.96,0.0
dude_1195,-4.55,-4.51,-3.67,-5.95,0.0
dude_1196,-5.5,-5.45,-4.66,-7.08,0.0
dude_1197,-5.75,-5.68,-5.14,-7.48,0.0
dude_1198,-5.52,-5.46,-4.92,-6.84,0.0
dude_1199,-5.48,-5.43,-4.87,-7.29,0.0
dude_12,-5.68,-5.68,-4.88,-6.93,0.0
dude_120,-6.49,-6.42,-5.78,-7.89,0.0
dude_1200,-5.13,-5.08,-4.34,-6.42,0.0
dude_1201,-5.14,-5.08,-4.23,-6.8,0.0
dude_1202,-5.21,-5.17,-4.28,-6.92,0.0
dude_1203,-4.84,-4.8,-3.82,-6.63,0.0
dude_1204,-5.37,-5.3,-4.64,-7.12,0.0
dude_1205,-4.83,-4.75,-1.82,-7.41,0.0
dude_1206,-5.85,-5.83,-5.06,-7.53,0.0
dude_1207,-4.86,-4.79,-4.22,-6.22,0.0
dude_1208,-5.59,-5.57,-4.96,-7.07,0.0
dude_1209,-6.3,-6.23,-5.16,-8.07,0.0
dude_121,-6.49,-6.42,-5.86,-8.27,0.0
dude_1210,-5.37,-5.3,-4.74,-7.1,0.0
dude_1211,-5.19,-5.13,-4.6,-6.86,0.0
dude_1212,-6.08,-6.0,-5.45,-7.76,0.0
dude_1213,-4.95,-4.92,-4.19,-6.68,0.0
dude_1214,-6.33,-6.26,-5.61,-8.75,0.0
dude_1215,-5.51,-5.44,-4.86,-7.44,0.0
dude_1216,-6.21,-6.15,-5.4,-8.4,0.0
dude_1217,-5.77,-5.73,-4.98,-7.13,0.0
dude_1218,-6.0,-5.95,-5.21,-7.66,0.0
dude_1219,-6.1,-6.04,-5.42,-7.82,0.0
dude_122,-6.57,-6.51,-5.88,-8.21,0.0
dude_1220,-5.76,-5.7,-5.1,-7.28,0.0
dude_1221,-5.55,-5.49,-4.91,-6.99,0.0
dude_1222,-5.89,-5.83,-5.28,-7.34,0.0
dude_1223,-5.82,-5.74,-5.16,-7.29,0.0
dude_1224,-5.23,-5.11,3.64,-7.8,0.0
dude_1225,-5.56,-5.53,-4.89,-6.87,0.0
dude_1226,-5.98,-5.89,0.5,-8.05,0.0
dude_1227,-6.14,-6.1,-5.46,-7.71,0.0
dude_1228,-5.73,-5.66,4.46,-7.74,0.0
dude_1229,-5.5,-5.43,-4.79,-6.82,0.0
dude_123,-6.58,-6.49,-3.05,-8.7,0.0
dude_1230,-5.75,-5.66,-4.63,-7.61,0.0
dude_1231,-5.8,-5.75,-5.16,-7.1,0.0
dude_1232,-5.99,-5.92,-5.47,-7.53,0.0
dude_1233,-5.29,-5.23,-4.59,-6.8,0.0
dude_1234,-5.99,-5.93,-5.08,-7.86,0.0
dude_1235,-5.49,-5.4,-4.68,-7.77,0.0
dude_1236,-5.94,-5.9,-5.08,-7.53,0.0
dude_1237,-4.83,-4.76,-4.23,-6.39,0.0
dude_1238,-5.75,-5.71,-5.15,-7.4,0.0
dude_1239,-6.02,-5.94,-5.3,-8.18,0.0
dude_124,-5.91,-5.97,-1.63,-7.19,0.0
dude_1240,-5.85,-5.8,-5.2,-7.04,0.0
dude_1241,-5.42,-5.35,-4.89,-6.74,0.0
dude_1242,-5.6,-5.53,-4.98,-7.35,0.0
dude_1243,-6.23,-6.16,-5.55,-7.9,0.0
dude_1244,-5.29,-5.22,-4.69,-6.92,0.0
dude_1245,-5.71,-5.63,-5.09,-7.48,0.0
dude_1246,-6.36,-6.28,-5.55,-8.32,0.0
dude_1247,-4.65,-4.49,-3.48,-7.26,0.0
dude_1248,-5.93,-5.91,4.79,-7.68,0.0
dude_1249,-5.69,-5.66,-4.88,-7.3,0.0
dude_125,-6.39,-6.3,-3.03,-8.82,0.0
dude_1250,-6.02,-5.92,-5.34,-7.97,0.0
dude_1251,-6.48,-6.46,-5.4,-8.62,0.0
dude_1252,-6.89,-6.77,0.55,-8.98,0.0
dude_1253,-5.7,-5.61,-4.68,-7.89,0.0
dude_1254,-6.83,-6.74,-3.82,-8.54,0.0
dude_1255,-7.0,-6.91,-4.58,-9.95,0.0
dude_1256,-7.73,-7.62,2.05,-10.26,0.0
dude_1257,-5.45,-5.37,-2.92,-7.44,0.0
dude_1258,-6.37,-6.29,-5.24,-8.87,0.0
dude_1259,-3.84,-5.09,314.6,-8.58,0.0
dude_126,-6.06,-6.02,-5.47,-7.37,0.0
dude_1260,-7.04,-6.96,-6.06,-8.83,0.0
dude_1261,-0.07,-5.18,360.4,-9.14,0.0
dude_1262,-6.89,-6.81,-6.14,-8.28,0.0
dude_1263,-7.29,-7.34,82.6,-9.31,0.0
dude_1264,-7.07,-6.97,-6.26,-8.99,0.0
dude_1265,-6.54,-6.42,-3.36,-8.48,0.0
dude_1266,-5.85,-6.01,107.8,-8.82,0.0
dude_1267,-4.83,-5.44,130.9,-8.02,0.0
dude_1268,-6.78,-6.72,-3.18,-8.91,0.0
dude_1269,-6.51,-6.4,4.21,-9.14,0.0
dude_127,-6.37,-6.28,-5.65,-8.3,0.0
dude_1270,-7.09,-7.0,-6.25,-8.94,0.0
dude_1271,-7.26,-7.17,-5.8,-9.43,0.0
dude_1272,-7.3,-7.22,-4.94,-8.94,0.0
dude_1273,-5.88,-5.81,-2.55,-7.82,0.0
dude_1274,-6.47,-6.59,65.44,-7.89,0.0
dude_1275,-7.64,-7.6,-6.63,-9.6,0.0
dude_1276,-6.79,-6.72,-6.11,-8.7,0.0
dude_1277,-6.77,-6.69,-4.9,-8.94,0.0
dude_1278,-6.25,-6.18,-5.67,-7.81,0.0
dude_1279,-7.51,-7.4,-6.64,-9.4,0.0
dude_128,-6.81,-6.69,-6.05,-8.84,0.0
dude_1280,-7.31,-7.25,-6.68,-8.77,0.0
dude_1281,-6.77,-6.76,-2.58,-8.58,0.0
dude_1282,-6.19,-6.11,-5.36,-8.01,0.0
dude_1283,-6.72,-6.65,-6.05,-8.7,0.0
dude_1284,-7.07,-6.98,-6.47,-8.81,0.0
dude_1285,-6.82,-6.77,-6.16,-8.54,0.0
dude_1286,-6.87,-6.79,-6.21,-8.38,0.0
dude_1287,-5.73,-6.16,63.42,-7.16,0.0
dude_1288,-7.26,-7.15,-3.86,-9.31,0.0
dude_1289,-7.23,-7.16,-4.73,-9.25,0.0
dude_129,-6.25,-6.21,-5.33,-8.14,0.0
dude_1290,-7.6,-7.53,-6.92,-8.97,0.0
dude_1291,-6.62,-6.69,65.31,-8.44,0.0
dude_1292,-6.55,-6.49,-5.77,-8.33,0.0
dude_1293,-7.04,-6.97,-6.27,-8.74,0.0
dude_1294,-6.68,-6.59,-5.23,-9.05,0.0
dude_1295,-6.67,-6.58,-5.95,-8.88,0.0
dude_1296,-5.78,-5.78,36.48,-8.68,0.0
dude_1297,-6.48,-6.41,-5.72,-8.22,0.0
dude_1298,-7.34,-7.23,-6.6,-9.29,0.0
dude_1299,-6.56,-6.49,-5.86,-8.09,0.0
dude_13,-5.04,-5.15,18.19,-8.72,0.0
dude_130,-6.16,-6.11,7.84,-7.5,0.0
dude_1300,-5.74,-5.65,-4.92,-7.82,0.0
dude_1301,-6.02,-5.97,-5.34,-7.64,0.0
dude_1302,-7.25,-7.13,-6.41,-9.34,0.0
dude_1303,-6.74,-6.69,4.24,-8.23,0.0
dude_1304,-5.93,-5.86,-5.4,-7.31,0.0
dude_1305,-5.85,-5.85,3.06,-7.75,0.0
dude_1306,-6.31,-6.24,-5.75,-7.73,0.0
dude_1307,-4.66,-4.76,14.5,-7.28,0.0
dude_1308,-6.32,-6.25,-5.66,-7.7,0.0
dude_1309,-6.53,-6.45,-5.93,-8.59,0.0
dude_131,-6.04,-5.97,-5.45,-7.42,0.0
dude_1310,-5.89,-5.83,11.86,-7.37,0.0
dude_1311,-6.22,-6.16,-5.43,-8.26,0.0
dude_1312,-7.53,-7.44,-4.02,-9.62,0.0
dude_1313,-5.99,-5.91,-4.93,-7.75,0.0
dude_1314,-6.7,-6.67,-6.05,-8.27,0.0
dude_1315,-5.66,-5.53,-4.57,-8.02,0.0
dude_1316,-6.04,-5.99,-5.34,-7.48,0.0
dude_1317,-7.6,-7.51,-6.88,-9.52,0.0
dude_1318,-7.25,-7.15,-6.58,-9.22,0.0
dude_1319,-6.84,-6.77,-5.72,-8.67,0.0
dude_132,-6.42,-6.36,-5.91,-7.89,0.0
dude_1320,-6.75,-6.68,-5.42,-8.26,0.0
dude_1321,-6.34,-6.24,-5.74,-8.17,0.0
dude_1322,-6.85,-6.77,-5.49,-8.99,0.0
dude_1323,-6.96,-6.87,-6.3,-8.87,0.0
dude_1324,-6.29,-6.24,-3.18,-8.06,0.0
dude_1325,-7.27,-7.16,-6.49,-8.89,0.0
dude_1326,-7.28,-7.16,-6.43,-9.41,0.0
dude_1327,-6.72,-6.65,-6.04,-7.96,0.0
dude_1328,-5.72,-5.65,-5.13,-6.89,0.0
dude_1329,-6.23,-6.18,-2.4,-7.63,0.0
dude_133,-6.51,-6.42,-5.8,-8.01,0.0
dude_1330,-6.47,-6.39,-5.67,-8.47,0.0
dude_1331,-6.09,-6.03,-5.35,-7.87,0.0
dude_1332,-6.15,-6.07,-5.6,-7.72,0.0
dude_1333,-6.59,-6.53,-5.98,-8.65,0.0
dude_1334,-6.29,-6.2,-5.62,-8.06,0.0
dude_1335,-6.24,-6.18,0.04,-7.8,0.0
dude_1336,-7.56,-7.49,-6.88,-9.2,0.0
dude_1337,-6.31,-6.19,-5.32,-8.46,0.0
dude_1338,-6.49,-6.44,-5.94,-7.9,0.0
dude_1339,-6.7,-6.67,-6.01,-7.93,0.0
dude_134,-5.47,-5.45,-4.64,-7.08,0.0
dude_1340,-6.2,-6.11,-5.45,-8.09,0.0
dude_1341,-6.33,-6.26,-5.74,-7.87,0.0
dude_1342,-5.31,-5.38,35.51,-8.81,0.0
dude_1343,-5.91,-5.84,-4.47,-7.46,0.0
dude_1344,-6.91,-6.84,-6.39,-8.39,0.0
dude_1345,-6.1,-6.04,-5.44,-7.67,0.0
dude_1346,-6.25,-6.17,-5.59,-7.85,0.0
dude_1347,-6.05,-5.99,-5.25,-7.62,0.0
dude_1348,-6.81,-6.77,31.75,-8.68,0.0
dude_1349,-6.11,-6.03,-5.57,-7.61,0.0
dude_135,-6.67,-6.59,-5.91,-8.83,0.0
dude_1350,-5.96,-5.9,-5.08,-7.93,0.0
dude_1351,-6.8,-6.7,-6.2,-8.43,0.0
dude_1352,-6.34,-6.29,-5.79,-7.7,0.0
dude_1353,-5.84,-5.83,11.64,-8.2,0.0
dude_1354,-6.26,-6.15,-5.7,-8.25,0.0
dude_1355,-6.01,-5.95,-5.42,-7.36,0.0
dude_1356,-5.84,-5.76,-5.04,-7.92,0.0
dude_1357,-6.92,-6.84,-6.34,-8.42,0.0
dude_1358,-6.52,-6.49,-5.83,-8.14,0.0
dude_1359,-6.75,-6.66,-6.06,-8.35,0.0
dude_136,-5.89,-5.82,-5.21,-7.57,0.0
dude_1360,-6.4,-6.33,-5.83,-8.16,0.0
dude_1361,-6.42,-6.34,-5.85,-7.92,0.0
dude_1362,-5.89,-5.81,-5.36,-7.38,0.0
dude_1363,-5.47,-5.42,-4.97,-6.61,0.0
dude_1364,-6.38,-6.33,-5.85,-7.87,0.0
dude_1365,-5.47,-5.35,-4.35,-7.61,0.0
dude_1366,-5.45,-5.37,-4.95,-6.66,0.0
dude_1367,-6.64,-6.58,-5.99,-7.91,0.0
dude_1368,-6.02,-5.94,-5.4,-7.87,0.0
dude_1369,-6.09,-6.05,-5.44,-7.37,0.0
dude_137,-5.99,-5.94,-5.55,-7.02,0.0
dude_1370,-6.29,-6.19,-5.58,-7.95,0.0
dude_1371,-6.03,-5.95,-5.52,-7.56,0.0
dude_1372,-5.22,-5.16,-4.42,-6.65,0.0
dude_1373,-5.79,-5.73,-5.19,-7.1,0.0
dude_1374,-6.47,-6.41,-5.96,-7.72,0.0
dude_1375,-6.22,-6.15,-5.6,-8.0,0.0
dude_1376,-6.54,-6.45,-6.02,-7.83,0.0
dude_1377,-5.36,-5.32,-4.65,-6.98,0.0
dude_1378,-5.74,-5.65,-5.25,-7.08,0.0
dude_1379,-5.88,-5.82,-5.3,-7.72,0.0
dude_138,-6.37,-6.3,-5.63,-8.14,0.0
dude_1380,-6.41,-6.32,-5.79,-8.04,0.0
dude_1381,-5.96,-5.96,23.83,-7.64,0.0
dude_1382,-6.7,-6.63,-6.18,-8.01,0.0
dude_1383,-5.81,-5.72,-5.17,-7.4,0.0
dude_1384,-6.54,-6.45,-6.0,-7.94,0.0
dude_1385,-6.21,-6.17,-5.73,-7.29,0.0
dude_1386,-6.0,-5.94,-5.43,-7.29,0.0
dude_1387,-1.3,-4.56,874.0,-7.76,0.0
dude_1388,-4.24,-4.21,-1.31,-6.67,0.0
dude_1389,-6.38,-6.33,-5.87,-7.73,0.0
dude_139,-2.5,-4.62,284.0,-8.71,0.0
dude_1390,-6.39,-6.29,-5.88,-7.77,0.0
dude_1391,-5.89,-5.79,-5.33,-7.15,0.0
dude_1392,-5.81,-5.73,-5.2,-7.57,0.0
dude_1393,-6.49,-6.41,-6.0,-7.84,0.0
dude_1394,-5.15,-5.09,-4.56,-6.71,0.0
dude_1395,-5.43,-5.36,-4.9,-6.82,0.0
dude_1396,-5.92,-5.87,-5.39,-7.13,0.0
dude_1397,-6.14,-6.07,-5.54,-7.7,0.0
dude_1398,-5.9,-5.84,-5.42,-7.18,0.0
dude_1399,-5.98,-5.85,-5.35,-7.56,0.0
dude_14,-6.16,-6.07,-5.44,-7.87,0.0
dude_140,-6.57,-6.47,-5.9,-8.81,0.0
dude_1400,-5.68,-5.57,-5.11,-7.45,0.0
dude_1401,-6.74,-6.69,2.47,-8.45,0.0
dude_1402,-6.13,-6.07,-1.66,-7.58,0.0
dude_1403,-6.34,-6.23,-5.53,-8.29,0.0
dude_1404,-6.81,-6.74,-6.2,-8.27,0.0
dude_1405,-6.8,-6.76,22.62,-8.68,0.0
dude_1406,-7.09,-6.99,-5.76,-9.43,0.0
dude_1407,-6.21,-6.16,-5.34,-7.88,0.0
dude_1408,-6.61,-6.58,-6.08,-7.67,0.0
dude_1409,-7.62,-7.55,-6.95,-9.15,0.0
dude_141,-6.14,-6.09,-5.45,-7.76,0.0
dude_1410,-6.6,-6.49,-5.79,-8.35,0.0
dude_1411,-6.91,-6.82,-6.26,-9.45,0.0
dude_1412,-6.48,-6.37,-5.71,-8.07,0.0
dude_1413,-7.49,-7.42,-5.47,-9.2,0.0
dude_1414,-6.92,-6.79,0.14,-9.19,0.0
dude_1415,-6.41,-6.36,-5.51,-8.11,0.0
dude_1416,-6.35,-6.25,-5.71,-7.96,0.0
dude_1417,-6.39,-6.26,-5.63,-8.34,0.0
dude_1418,-6.93,-6.87,-6.35,-8.58,0.0
dude_1419,-6.65,-6.59,-5.96,-8.3,0.0
dude_142,-6.28,-6.2,-5.75,-8.08,0.0
dude_1420,-6.45,-6.39,-5.85,-7.79,0.0
dude_1421,-6.17,-6.12,-5.5,-7.81,0.0
dude_1422,-7.39,-7.34,-6.72,-9.07,0.0
dude_1423,-7.5,-7.38,-6.78,-9.47,0.0
dude_1424,-6.64,-6.58,-6.03,-8.25,0.0
dude_1425,-7.22,-7.17,-6.68,-8.69,0.0
dude_1426,-7.54,-7.47,-6.76,-9.54,0.0
dude_1427,-7.27,-7.19,-6.34,-9.1,0.0
dude_1428,-7.53,-7.46,-6.71,-9.55,0.0
dude_1429,-6.41,-6.33,-5.73,-7.97,0.0
dude_143,-6.2,-6.15,-5.68,-7.83,0.0
dude_1430,-6.72,-6.64,-6.04,-8.15,0.0
dude_1431,-6.72,-6.64,-6.02,-8.55,0.0
dude_1432,-6.96,-6.88,-6.19,-9.01,0.0
dude_1433,-6.79,-6.65,-6.02,-8.71,0.0
dude_1434,-7.43,-7.33,-6.42,-9.71,0.0
dude_1435,-6.03,-5.95,-5.03,-8.19,0.0
dude_1436,-6.88,-6.78,-6.25,-8.78,0.0
dude_1437,-6.06,-6.05,32.8,-8.58,0.0
dude_1438,-7.01,-6.93,-6.27,-8.79,0.0
dude_1439,-6.59,-6.56,-5.71,-7.93,0.0
dude_144,-6.34,-6.29,-5.55,-8.43,0.0
dude_1440,-6.3,-6.25,-5.64,-7.78,0.0
dude_1441,-6.21,-6.16,-5.04,-8.91,0.0
dude_1442,-6.81,-6.73,-6.07,-8.53,0.0
dude_1443,-5.83,-5.76,-5.11,-7.22,0.0
dude_1444,-5.91,-5.84,-5.33,-7.5,0.0
dude_1445,-5.0,-4.95,-3.23,-7.84,0.0
dude_1446,-6.05,-5.99,-5.16,-8.06,0.0
dude_1447,-6.17,-6.22,28.77,-7.77,0.0
dude_1448,-6.59,-6.56,-4.75,-8.17,0.0
dude_1449,-6.71,-6.64,-6.13,-8.61,0.0
dude_145,-5.96,-5.9,-5.4,-7.29,0.0
dude_1450,-6.84,-6.73,-5.87,-9.22,0.0
dude_1451,-6.54,-6.47,-6.02,-7.71,0.0
dude_1452,-6.14,-6.09,-5.66,-7.14,0.0
dude_1453,-6.66,-6.61,-5.94,-8.01,0.0
dude_1454,-6.54,-6.44,-5.84,-8.25,0.0
dude_1455,-6.25,-6.16,-5.61,-7.91,0.0
dude_1456,-8.3,-8.21,-7.73,-9.59,0.0
dude_1457,-6.39,-6.33,-5.88,-7.9,0.0
dude_1458,-6.78,-6.75,5.87,-8.37,0.0
dude_1459,-6.52,-6.47,-5.62,-7.84,0.0
dude_146,-5.71,-5.66,-5.08,-7.27,0.0
dude_1460,-7.69,-7.6,-7.06,-9.46,0.0
dude_1461,-7.09,-7.01,-6.4,-8.76,0.0
dude_1462,-8.08,-8.0,-7.45,-9.72,0.0
dude_1463,-4.81,-4.73,-4.18,-6.1,0.0
dude_1464,-5.87,-5.85,9.18,-7.72,0.0
dude_1465,-7.14,-7.07,-6.42,-8.53,0.0
dude_1466,-7.69,-7.62,-7.09,-9.24,0.0
dude_1467,-4.49,-4.45,-1.74,-6.39,0.0
dude_1468,-7.3,-7.21,-6.73,-8.55,0.0
dude_1469,-8.28,-8.22,-7.78,-9.8,0.0
dude_147,-6.97,-6.89,-6.36,-8.79,0.0
dude_1470,-6.47,-6.42,-5.78,-7.77,0.0
dude_1471,-6.92,-6.83,-6.21,-8.8,0.0
dude_1472,-6.36,-6.29,-5.86,-7.85,0.0
dude_1473,-7.44,-7.37,-6.82,-8.98,0.0
dude_1474,-6.4,-6.32,-5.77,-8.32,0.0
dude_1475,-6.5,-6.41,-5.94,-8.09,0.0
dude_1476,-7.81,-7.73,-7.18,-9.33,0.0
dude_1477,-6.92,-6.81,-6.21,-8.77,0.0
dude_1478,-6.25,-6.19,-5.67,-7.5,0.0
dude_1479,-7.5,-7.42,-7.02,-9.13,0.0
dude_148,-6.77,-6.68,-6.12,-8.67,0.0
dude_1480,-7.57,-7.49,-6.97,-9.08,0.0
dude_1481,-7.68,-7.54,-7.03,-9.75,0.0
dude_1482,-7.43,-7.37,-6.8,-8.68,0.0
dude_1483,-7.29,-7.19,-4.06,-9.06,0.0
dude_1484,-6.75,-6.67,-6.16,-8.26,0.0
dude_1485,-6.97,-6.9,-6.48,-8.51,0.0
dude_1486,-7.03,-6.96,-3.29,-8.58,0.0
dude_1487,-6.84,-6.75,-6.18,-8.56,0.0
dude_1488,-6.7,-6.63,-5.76,-8.49,0.0
dude_1489,-7.28,-7.21,-6.82,-8.63,0.0
dude_149,-6.53,-6.48,-5.97,-7.78,0.0
dude_1490,-7.06,-6.99,-6.42,-8.53,0.0
dude_1491,-6.56,-6.48,24.46,-8.5,0.0
dude_1492,-6.97,-6.89,-6.32,-8.28,0.0
dude_1493,-7.07,-6.98,-5.47,-8.64,0.0
dude_1494,-6.8,-6.7,-6.12,-8.32,0.0
dude_1495,-6.49,-6.43,-5.89,-7.88,0.0
dude_1496,-6.3,-6.23,-5.6,-7.79,0.0
dude_1497,-7.67,-7.59,-7.04,-9.11,0.0
dude_1498,-7.13,-7.05,-6.11,-9.09,0.0
dude_1499,-6.46,-6.39,-5.73,-8.29,0.0
dude_15,-6.67,-6.63,-5.83,-8.77,0.0
dude_150,-6.16,-6.09,-5.55,-7.41,0.0
dude_1500,-6.71,-6.6,-5.92,-9.02,0.0
dude_1501,-7.28,-7.2,-6.4,-9.6,0.0
dude_1502,-6.04,-5.97,-5.38,-7.44,0.0
dude_1503,-6.38,-6.31,-5.64,-8.42,0.0
dude_1504,-6.39,-6.31,-5.61,-7.98,0.0
dude_1505,-5.35,-5.32,-1.68,-7.74,0.0
dude_1506,-6.64,-6.59,-4.29,-8.1,0.0
dude_1507,-6.59,-6.52,-5.88,-8.36,0.0
dude_1508,-5.49,-5.43,2.34,-7.06,0.0
dude_1509,-7.09,-7.02,-6.39,-9.55,0.0
dude_151,-5.29,-5.23,-4.61,-6.54,0.0
dude_1510,-6.22,-6.14,-5.55,-7.82,0.0
dude_1511,-6.74,-6.66,-5.95,-8.79,0.0
dude_1512,-7.15,-7.07,-6.47,-8.87,0.0
dude_1513,-5.98,-5.91,3.07,-7.19,0.0
dude_1514,-6.41,-6.36,-5.73,-7.72,0.0
dude_1515,-5.72,-5.67,-5.18,-6.89,0.0
dude_1516,-6.82,-6.75,-6.18,-8.29,0.0
dude_1517,-6.19,-6.1,-5.35,-8.02,0.0
dude_1518,-5.92,-5.85,-2.87,-7.41,0.0
dude_1519,-6.28,-6.22,-5.49,-8.46,0.0
dude_152,-4.85,-4.74,-3.82,-7.06,0.0
dude_1520,-6.56,-6.5,-5.98,-7.99,0.0
dude_1521,-6.23,-6.12,-5.46,-8.33,0.0
dude_1522,-6.95,-6.9,-6.17,-8.49,0.0
dude_1523,-7.11,-7.08,-5.2,-8.87,0.0
dude_1524,-6.45,-6.39,-5.8,-7.99,0.0
dude_1525,-6.04,-5.95,-5.34,-7.9,0.0
dude_1526,-6.66,-6.64,-5.62,-8.59,0.0
dude_1527,-6.77,-6.69,-6.19,-8.17,0.0
dude_1528,-6.46,-6.34,-5.52,-8.55,0.0
dude_1529,-6.35,-6.25,-5.64,-7.87,0.0
dude_153,-5.89,-5.86,-5.05,-7.32,0.0
dude_1530,-6.99,-6.89,-3.93,-9.4,0.0
dude_1531,-6.4,-6.32,-5.73,-8.14,0.0
dude_1532,-5.52,-5.44,-4.85,-6.98,0.0
dude_1533,-6.17,-6.18,39.9,-8.11,0.0
dude_1534,-6.21,-6.15,-5.5,-8.19,0.0
dude_1535,-6.35,-6.3,1.79,-8.63,0.0
dude_1536,-5.76,-5.69,-4.86,-7.64,0.0
dude_1537,-7.77,-7.73,-7.05,-9.48,0.0
dude_1538,-6.47,-6.39,-5.7,-8.18,0.0
dude_1539,-5.11,-5.02,-4.39,-6.84,0.0
dude_154,-4.83,-4.78,-4.16,-6.52,0.0
dude_1540,-5.91,-5.85,-5.21,-7.67,0.0
dude_1541,-6.35,-6.29,2.85,-7.91,0.0
dude_1542,-6.18,-6.11,-5.5,-7.6,0.0
dude_1543,-6.38,-6.29,-5.72,-8.74,0.0
dude_1544,-6.05,-6.0,-3.35,-9.2,0.0
dude_1545,-5.83,-5.78,-5.05,-7.46,0.0
dude_1546,-6.89,-6.8,-6.1,-9.09,0.0
dude_1547,-7.02,-6.95,-6.38,-8.88,0.0
dude_1548,-5.84,-5.66,-4.57,-8.79,0.0
dude_1549,-6.2,-6.12,-5.3,-8.06,0.0
dude_155,-5.98,-5.91,-5.33,-7.52,0.0
dude_1550,-5.79,-5.73,-4.94,-8.06,0.0
dude_156,-4.97,-4.91,-3.96,-6.55,0.0
dude_157,-5.54,-5.5,5.89,-7.24,0.0
dude_158,-5.23,-5.23,-4.52,-6.23,0.0
dude_159,-5.29,-5.23,-4.61,-6.72,0.0
dude_16,-5.46,-5.38,1.19,-7.77,0.0
dude_160,-5.38,-5.34,-4.73,-6.73,0.0
dude_161,-5.46,-5.39,-4.53,-7.52,0.0
dude_162,-5.83,-5.77,-5.08,-7.35,0.0
dude_163,-5.63,-5.56,-4.96,-7.12,0.0
dude_164,-5.52,-5.42,-4.77,-7.12,0.0
dude_165,-5.17,-5.14,-4.53,-6.28,0.0
dude_166,-5.15,-5.07,-4.42,-6.77,0.0
dude_167,-5.54,-5.49,-4.8,-7.19,0.0
dude_168,-5.76,-5.68,-4.9,-8.05,0.0
dude_169,-5.45,-5.39,-4.75,-7.33,0.0
dude_17,-6.05,-5.98,-5.39,-7.28,0.0
dude_170,-5.3,-5.23,-4.55,-7.44,0.0
dude_171,-5.61,-5.55,-4.98,-7.58,0.0
dude_172,-5.19,-5.16,-4.47,-6.46,0.0
dude_173,-6.01,-5.96,-5.38,-7.61,0.0
dude_174,-5.7,-5.66,-4.94,-7.08,0.0
dude_175,-4.9,-4.84,-4.36,-6.36,0.0
dude_176,-4.95,-4.91,-4.29,-6.14,0.0
dude_177,-5.16,-5.1,-4.64,-6.44,0.0
dude_178,-5.75,-5.7,-5.02,-7.5,0.0
dude_179,-6.13,-6.05,-5.42,-7.94,0.0
dude_18,-5.51,-5.44,-4.81,-7.21,0.0
dude_180,-5.93,-5.86,-5.22,-8.04,0.0
dude_181,-5.73,-5.67,-5.09,-7.38,0.0
dude_182,-5.96,-5.89,-5.25,-7.99,0.0
dude_183,-5.81,-5.78,-5.18,-7.1,0.0
dude_184,-6.13,-6.07,-5.54,-7.55,0.0
dude_185,-5.96,-5.91,-5.23,-7.8,0.0
dude_186,-5.93,-5.82,-5.26,-7.78,0.0
dude_187,-4.89,-4.84,-4.2,-6.52,0.0
dude_188,-5.59,-5.51,-4.79,-7.58,0.0
dude_189,-5.85,-5.8,-5.19,-7.24,0.0
dude_19,-4.62,-4.62,-3.22,-7.11,0.0
dude_190,-5.72,-5.66,-5.11,-7.04,0.0
dude_191,-5.43,-5.37,-4.74,-7.17,0.0
dude_192,-6.01,-5.93,-5.3,-7.77,0.0
dude_193,-5.42,-5.36,-4.81,-6.82,0.0
dude_194,-5.61,-5.55,-5.04,-7.17,0.0
dude_195,-5.24,-5.2,-4.53,-6.43,0.0
dude_196,-5.2,-5.16,-4.51,-6.54,0.0
dude_197,-5.61,-5.55,-4.93,-7.3,0.0
dude_198,-5.35,-5.28,-4.57,-7.13,0.0
dude_199,-5.1,-5.01,-4.54,-6.52,0.0
dude_2,-6.99,-6.91,-6.3,-8.69,0.0
dude_20,-6.89,-6.84,-6.18,-8.65,0.0
dude_200,-5.72,-5.66,-5.03,-7.71,0.0
dude_201,-5.17,-5.09,-4.09,-7.54,0.0
dude_202,-5.17,-5.17,-4.14,-7.48,0.0
dude_203,-6.04,-5.99,-5.41,-7.58,0.0
dude_204,-5.81,-5.72,-5.12,-7.56,0.0
dude_205,-5.0,-4.91,0.2,-7.38,0.0
dude_206,-6.31,-6.26,-5.62,-7.88,0.0
dude_207,-5.34,-5.28,-4.7,-6.53,0.0
dude_208,-6.39,-6.36,-5.6,-8.25,0.0
dude_209,-5.8,-5.76,-4.88,-7.53,0.0
dude_21,-4.66,-4.55,1.36,-7.74,0.0
dude_210,-5.48,-5.36,-4.23,-8.24,0.0
dude_211,-5.72,-5.67,-2.98,-7.35,0.0
dude_212,-5.47,-5.44,-4.54,-7.2,0.0
dude_213,-5.92,-5.87,-5.24,-7.38,0.0
dude_214,-6.36,-6.32,-5.72,-7.67,0.0
dude_215,-6.34,-6.3,-5.56,-8.71,0.0
dude_216,-5.38,-5.3,-4.81,-7.28,0.0
dude_217,-5.3,-5.25,-4.53,-6.99,0.0
dude_218,-6.41,-6.38,-5.74,-8.05,0.0
dude_219,-5.97,-5.88,-5.31,-7.62,0.0
dude_22,-5.22,-5.16,-4.64,-6.71,0.0
dude_220,-5.91,-5.87,-5.07,-7.93,0.0
dude_221,-5.5,-5.4,-4.84,-7.28,0.0
dude_222,-6.22,-6.21,-5.39,-7.69,0.0
dude_223,-5.34,-5.26,-4.61,-6.86,0.0
dude_224,-6.5,-6.43,-5.76,-8.12,0.0
dude_225,-6.48,-6.44,-5.61,-8.5,0.0
dude_226,-5.36,-5.31,-4.58,-6.68,0.0
dude_227,-6.24,-6.17,-5.53,-8.09,0.0
dude_228,-5.79,-5.72,-5.14,-7.64,0.0
dude_229,-6.75,-6.61,-6.04,-9.13,0.0
dude_23,-6.06,-5.97,-4.96,-8.0,0.0
dude_230,-6.28,-6.21,-5.53,-8.43,0.0
dude_231,-6.13,-6.06,-5.25,-7.72,0.0
dude_232,-5.82,-5.71,-4.65,-8.57,0.0
dude_233,-5.94,-5.91,-5.28,-7.21,0.0
dude_234,-5.71,-5.66,-4.85,-7.52,0.0
dude_235,-5.62,-5.58,-4.94,-7.06,0.0
dude_236,-7.04,-6.98,-6.23,-9.19,0.0
dude_237,-5.72,-5.65,-5.13,-7.05,0.0
dude_238,-5.63,-5.57,-4.84,-7.1,0.0
dude_239,-5.67,-5.6,-4.76,-7.29,0.0
dude_24,-7.18,-7.12,-6.31,-9.05,0.0
dude_240,-6.3,-6.22,-5.56,-8.37,0.0
dude_241,-5.55,-5.51,-4.76,-7.16,0.0
dude_242,-6.19,-6.11,-5.1,-8.52,0.0
dude_243,-5.48,-5.39,-4.81,-6.7,0.0
dude_244,-6.14,-6.04,-5.46,-8.7,0.0
dude_245,-5.6,-5.66,-1.47,-7.54,0.0
dude_246,-5.3,-5.24,-4.87,-6.53,0.0
dude_247,-5.3,-5.26,-4.65,-6.74,0.0
dude_248,-5.82,-5.72,-4.94,-7.93,0.0
dude_249,-6.26,-6.2,-5.6,-7.96,0.0
dude_25,-6.8,-6.76,-6.09,-8.16,0.0
dude_250,-6.22,-6.29,89.64,-8.92,0.0
dude_251,-6.4,-6.31,-3.99,-8.11,0.0
dude_252,-5.63,-5.59,-4.84,-7.22,0.0
dude_253,-6.22,-6.14,-5.42,-7.66,0.0
dude_254,-6.39,-6.29,-5.67,-8.26,0.0
dude_255,-6.82,-6.75,-6.12,-8.82,0.0
dude_256,-6.42,-6.33,-5.77,-8.76,0.0
dude_257,-6.0,-5.93,-5.27,-7.81,0.0
dude_258,-5.81,-5.74,-5.06,-8.06,0.0
dude_259,-6.61,-6.48,-5.86,-9.18,0.0
dude_26,-5.15,-5.12,-3.92,-7.58,0.0
dude_260,-5.28,-5.24,-4.39,-7.27,0.0
dude_261,-7.01,-6.94,-6.34,-8.55,0.0
dude_262,-6.15,-6.06,-5.45,-7.89,0.0
dude_263,-5.6,-5.54,-4.51,-7.05,0.0
dude_264,-6.09,-6.08,3.38,-8.44,0.0
dude_265,-6.75,-6.66,-6.05,-8.74,0.0
dude_266,-6.07,-6.06,21.25,-8.04,0.0
dude_267,-5.83,-5.76,-5.07,-8.21,0.0
dude_268,-6.04,-6.02,-5.29,-7.55,0.0
dude_269,-5.06,-4.99,-4.09,-6.79,0.0
dude_27,-5.81,-5.74,-4.97,-7.84,0.0
dude_270,-7.25,-7.18,-6.42,-9.35,0.0
dude_271,-6.71,-6.6,-5.89,-8.95,0.0
dude_272,-6.26,-6.18,-5.42,-7.68,0.0
dude_273,-5.86,-5.81,-4.97,-7.52,0.0
dude_274,-6.34,-6.27,-5.69,-8.06,0.0
dude_275,-5.91,-5.8,-5.16,-7.78,0.0
dude_276,-6.17,-6.07,1.73,-8.53,0.0
dude_277,-5.95,-5.89,-5.34,-7.66,0.0
dude_278,-5.58,-5.52,-5.01,-7.06,0.0
dude_279,-5.77,-5.7,-5.11,-7.19,0.0
dude_28,-5.92,-5.87,-5.13,-7.67,0.0
dude_280,-6.38,-6.32,-5.66,-8.01,0.0
dude_281,-6.8,-6.73,-6.15,-8.47,0.0
dude_282,-6.1,-6.04,-3.18,-8.03,0.0
dude_283,-6.64,-6.63,29.99,-8.6,0.0
dude_284,-5.9,-5.86,-5.32,-7.56,0.0
dude_285,-6.53,-6.41,-5.69,-8.84,0.0
dude_286,-7.17,-7.11,-6.35,-8.87,0.0
dude_287,-5.8,-5.8,-5.01,-7.24,0.0
dude_288,-5.81,-5.8,22.69,-7.26,0.0
dude_289,-6.97,-6.9,-6.12,-8.94,0.0
dude_29,-6.81,-6.76,-6.16,-8.14,0.0
dude_290,-5.54,-5.53,-4.74,-6.77,0.0
dude_291,-6.1,-6.04,-5.38,-7.68,0.0
dude_292,-7.14,-7.04,-6.33,-9.0,0.0
dude_293,-5.68,-5.62,-0.93,-7.08,0.0
dude_294,-6.81,-6.74,-3.66,-8.46,0.0
dude_295,-6.45,-6.35,-5.64,-8.67,0.0
dude_296,-5.53,-5.48,-4.76,-6.99,0.0
dude_297,-6.55,-6.46,-5.87,-8.56,0.0
dude_298,-6.17,-6.1,-5.41,-7.86,0.0
dude_299,-6.6,-6.51,-5.82,-9.05,0.0
dude_3,-5.19,-5.24,4.77,-7.42,0.0
dude_30,-5.59,-5.51,-4.83,-7.02,0.0
dude_300,-6.15,-6.08,-4.83,-8.15,0.0
dude_301,-5.71,-5.64,-5.04,-7.07,0.0
dude_302,-5.79,-5.74,-5.1,-7.71,0.0
dude_303,-5.02,-4.97,-4.14,-6.64,0.0
dude_304,-5.85,-5.78,-5.06,-7.25,0.0
dude_305,-6.49,-6.47,9.88,-8.44,0.0
dude_306,-6.38,-6.35,-5.46,-8.34,0.0
dude_307,-6.22,-6.16,-5.45,-7.98,0.0
dude_308,-6.46,-6.4,-5.64,-8.22,0.0
dude_309,-5.76,-5.68,-4.93,-7.86,0.0
dude_31,-6.25,-6.34,30.61,-8.21,0.0
dude_310,-6.73,-6.64,-5.76,-8.43,0.0
dude_311,-5.92,-5.87,-0.41,-7.61,0.0
dude_312,-5.52,-5.43,-4.66,-7.36,0.0
dude_313,-5.92,-5.86,-5.09,-8.37,0.0
dude_314,-6.5,-6.43,-5.78,-8.13,0.0
dude_315,-6.12,-6.03,-5.33,-8.16,0.0
dude_316,-5.14,-5.05,-4.12,-7.11,0.0
dude_317,-5.48,-5.47,1.18,-7.02,0.0
dude_318,-6.42,-6.37,-5.65,-7.94,0.0
dude_319,-6.0,-5.92,-5.22,-8.2,0.0
dude_32,-6.53,-6.46,-5.84,-8.47,0.0
dude_320,-5.79,-5.72,-5.19,-7.47,0.0
dude_321,-6.9,-6.83,-6.17,-8.31,0.0
dude_322,-6.19,-6.04,-5.43,-8.25,0.0
dude_323,-6.82,-6.78,-0.86,-8.59,0.0
dude_324,-5.82,-5.74,-4.99,-7.68,0.0
dude_325,-6.64,-6.56,-5.94,-8.3,0.0
dude_326,-6.46,-6.38,-5.76,-8.2,0.0
dude_327,-5.59,-5.48,-1.7,-8.8,0.0
dude_328,-6.34,-6.24,-5.57,-8.24,0.0
dude_329,-6.75,-6.68,-6.03,-8.23,0.0
dude_33,-6.63,-6.56,-5.99,-8.79,0.0
dude_330,-6.05,-6.0,-5.39,-7.85,0.0
dude_331,-5.0,-4.94,-4.24,-6.92,0.0
dude_332,-5.93,-5.87,-5.14,-7.71,0.0
dude_333,-6.49,-6.4,-5.81,-8.28,0.0
dude_334,-6.2,-6.13,-5.42,-7.82,0.0
dude_335,-4.92,-4.88,-4.24,-6.42,0.0
dude_336,-5.24,-5.16,-4.54,-6.5,0.0
dude_337,-5.47,-5.43,-4.71,-6.82,0.0
dude_338,-5.91,-5.84,-5.22,-7.47,0.0
dude_339,-6.73,-6.63,-6.01,-8.67,0.0
dude_34,-6.11,-6.1,-0.89,-8.22,0.0
dude_340,-5.46,-5.44,10.4,-7.83,0.0
dude_341,-6.25,-6.17,-5.2,-8.24,0.0
dude_342,-5.89,-5.83,-5.11,-7.49,0.0
dude_343,-6.09,-6.0,-5.35,-8.66,0.0
dude_344,-4.87,-4.8,-4.04,-6.59,0.0
dude_345,-6.06,-5.93,-5.34,-8.04,0.0
dude_346,-5.47,-5.44,-4.64,-7.19,0.0
dude_347,-5.9,-5.78,-5.23,-8.24,0.0
dude_348,-5.39,-5.38,-4.66,-6.91,0.0
dude_349,-6.24,-6.13,-1.11,-8.96,0.0
dude_35,-6.46,-6.34,-5.72,-8.02,0.0
dude_350,-6.07,-6.01,-5.28,-8.24,0.0
dude_351,-5.82,-5.75,-5.09,-7.81,0.0
dude_352,-5.57,-5.5,-4.71,-7.32,0.0
dude_353,-5.89,-5.82,-5.04,-8.0,0.0
dude_354,-6.28,-6.22,-5.45,-8.2,0.0
dude_355,-6.6,-6.5,-5.85,-8.63,0.0
dude_356,-6.01,-5.98,-5.12,-8.25,0.0
dude_357,-5.74,-5.69,-4.92,-7.33,0.0
dude_358,-5.42,-5.31,-4.51,-7.39,0.0
dude_359,-5.8,-5.78,30.04,-8.03,0.0
dude_36,-5.35,-5.34,27.16,-8.08,0.0
dude_360,-6.44,-6.37,-5.68,-8.04,0.0
dude_361,-6.06,-5.98,-5.35,-8.05,0.0
dude_362,-5.59,-5.54,-4.8,-7.6,0.0
dude_363,-5.19,-5.13,-4.62,-6.75,0.0
dude_364,-5.89,-5.83,-5.16,-7.24,0.0
dude_365,-5.55,-5.51,-4.91,-7.08,0.0
dude_366,-5.54,-5.54,17.69,-7.79,0.0
dude_367,-5.72,-5.7,-5.01,-7.55,0.0
dude_368,-6.37,-6.3,-5.62,-8.13,0.0
dude_369,-6.09,-6.01,-5.35,-7.63,0.0
dude_37,-7.47,-7.39,-6.63,-9.73,0.0
dude_370,-6.28,-6.2,-5.59,-8.16,0.0
dude_371,-5.31,-5.23,-4.13,-8.03,0.0
dude_372,-5.45,-5.36,-4.65,-6.93,0.0
dude_373,-5.92,-5.88,-5.05,-7.36,0.0
dude_374,-5.86,-5.85,13.16,-7.61,0.0
dude_375,-5.31,-5.25,-4.72,-6.93,0.0
dude_376,-5.78,-5.68,-0.35,-8.65,0.0
dude_377,-5.37,-5.31,-4.56,-7.14,0.0
dude_378,-6.11,-6.0,-5.3,-8.44,0.0
dude_379,-6.17,-6.1,-2.17,-8.56,0.0
dude_38,-5.73,-5.66,-4.88,-7.96,0.0
dude_380,-5.83,-5.83,-5.03,-7.57,0.0
dude_381,-6.05,-5.99,-5.3,-7.65,0.0
dude_382,-6.06,-6.01,-1.34,-8.04,0.0
dude_383,-5.76,-5.66,-5.04,-7.72,0.0
dude_384,-5.93,-5.87,-5.11,-7.38,0.0
dude_385,-6.26,-6.21,-5.49,-7.96,0.0
dude_386,-5.71,-5.72,12.07,-7.72,0.0
dude_387,-6.22,-6.16,-5.52,-7.81,0.0
dude_388,-5.55,-5.52,-4.81,-6.82,0.0
dude_389,-5.79,-5.72,-5.08,-7.93,0.0
dude_39,-7.0,-7.02,32.18,-9.86,0.0
dude_390,-5.37,-5.37,-4.53,-6.76,0.0
dude_391,-6.26,-6.2,-5.37,-8.24,0.0
dude_392,-6.14,-6.06,-5.23,-8.78,0.0
dude_393,-7.16,-7.12,-6.35,-8.76,0.0
dude_394,-5.79,-5.7,-4.59,-8.23,0.0
dude_395,-5.89,-5.84,-5.1,-7.21,0.0
dude_396,-5.16,-5.11,-4.44,-6.83,0.0
dude_397,-5.61,-5.55,-4.6,-7.0,0.0
dude_398,-5.82,-5.75,-5.16,-7.67,0.0
dude_399,-6.35,-6.29,-5.62,-8.44,0.0
dude_4,-6.6,-6.53,-5.93,-8.11,0.0
dude_40,-7.22,-7.13,-6.5,-8.71,0.0
dude_400,-6.08,-6.04,-5.35,-7.63,0.0
dude_401,-5.0,-4.91,-4.04,-7.06,0.0
dude_402,-5.7,-5.65,-5.09,-7.3,0.0
dude_403,-5.29,-5.24,-4.37,-7.34,0.0
dude_404,-4.92,-4.82,-0.27,-7.35,0.0
dude_405,-5.5,-5.41,-4.42,-7.24,0.0
dude_406,-4.99,-4.91,-4.36,-6.36,0.0
dude_407,-4.99,-4.94,-4.32,-6.85,0.0
dude_408,-5.66,-5.66,-4.7,-7.7,0.0
dude_409,-5.47,-5.4,-3.59,-7.63,0.0
dude_41,-5.81,-5.75,19.54,-9.94,0.0
dude_410,-4.99,-4.94,-4.38,-6.24,0.0
dude_411,-5.5,-5.44,-4.83,-6.81,0.0
dude_412,-5.48,-5.4,-4.85,-7.73,0.0
dude_413,-5.19,-5.12,-2.08,-7.68,0.0
dude_414,-5.49,-5.41,-4.7,-7.26,0.0
dude_415,-5.35,-5.29,-4.51,-7.21,0.0
dude_416,-5.53,-5.48,-2.72,-7.48,0.0
dude_417,-6.27,-6.22,-5.68,-7.96,0.0
dude_418,-5.55,-5.52,-4.92,-7.27,0.0
dude_419,-5.0,-4.94,-4.02,-7.01,0.0
dude_42,-6.45,-6.34,-5.66,-9.09,0.0
dude_420,-4.84,-4.78,-4.15,-6.49,0.0
dude_421,-5.28,-5.22,-4.64,-6.5,0.0
dude_422,-5.12,-5.07,-4.43,-6.68,0.0
dude_423,-5.8,-5.71,-5.08,-7.98,0.0
dude_424,-5.5,-5.45,-4.66,-7.27,0.0
dude_425,-5.96,-5.86,-5.22,-8.07,0.0
dude_426,-5.61,-5.54,-4.98,-7.11,0.0
dude_427,-6.56,-6.47,-5.82,-8.43,0.0
dude_428,-5.57,-5.54,-4.93,-7.72,0.0
dude_429,-5.89,-5.82,-5.07,-7.95,0.0
dude_43,-6.66,-6.52,-5.96,-8.73,0.0
dude_430,-6.13,-6.07,-5.29,-7.91,0.0
dude_431,-5.76,-5.7,-5.21,-6.86,0.0
dude_432,-5.43,-5.38,-4.66,-6.74,0.0
dude_433,-6.17,-6.07,-5.33,-8.47,0.0
dude_434,-5.79,-5.73,-4.96,-7.68,0.0
dude_435,-5.35,-5.28,-4.69,-6.83,0.0
dude_436,-5.21,-5.17,1.8,-7.35,0.0
dude_437,-5.87,-5.82,-5.22,-7.3,0.0
dude_438,-5.1,-5.06,-4.28,-7.34,0.0
dude_439,-5.91,-5.78,-5.03,-7.97,0.0
dude_44,-6.02,-5.95,3.5,-8.51,0.0
dude_440,-5.66,-5.58,-5.01,-7.37,0.0
dude_441,-5.97,-5.91,-5.29,-7.5,0.0
dude_442,-6.34,-6.28,11.0,-8.14,0.0
dude_443,-6.16,-6.02,-5.4,-8.15,0.0
dude_444,-4.63,-4.59,-3.86,-6.05,0.0
dude_445,-5.96,-5.88,-5.27,-7.71,0.0
dude_446,-5.36,-5.37,-4.73,-6.33,0.0
dude_447,-5.84,-5.78,-5.14,-7.54,0.0
dude_448,-5.75,-5.7,-5.18,-7.16,0.0
dude_449,-5.38,-5.33,-4.72,-7.24,0.0
dude_45,-6.25,-6.2,-5.44,-7.74,0.0
dude_450,-5.38,-5.3,-4.57,-7.56,0.0
dude_451,-5.06,-4.98,-4.2,-6.82,0.0
dude_452,-6.12,-6.06,-5.48,-7.54,0.0
dude_453,-6.19,-6.11,-5.57,-7.78,0.0
dude_454,-6.23,-6.12,-5.59,-7.93,0.0
dude_455,-5.35,-5.28,-4.28,-7.27,0.0
dude_456,-5.82,-5.72,-5.0,-7.89,0.0
dude_457,-6.66,-6.61,-2.11,-8.4,0.0
dude_458,-6.94,-6.86,-6.2,-8.74,0.0
dude_459,-5.59,-5.52,-2.09,-7.86,0.0
dude_46,-6.65,-6.58,-5.98,-7.92,0.0
dude_460,-6.11,-6.03,-5.48,-7.64,0.0
dude_461,-5.5,-5.39,-4.1,-8.35,0.0
dude_462,-6.23,-6.2,-5.64,-7.32,0.0
dude_463,-6.22,-6.25,70.13,-8.52,0.0
dude_464,-6.3,-6.4,54.95,-8.24,0.0
dude_465,-6.84,-6.79,-6.2,-8.51,0.0
dude_466,-5.79,-5.72,-4.5,-7.56,0.0
dude_467,-5.91,-5.84,-5.38,-7.14,0.0
dude_468,-5.89,-5.83,-5.14,-7.16,0.0
dude_469,-6.29,-6.22,-5.57,-7.81,0.0
dude_47,-5.49,-5.52,-3.43,-8.77,0.0
dude_470,-6.85,-6.78,-6.21,-8.8,0.0
dude_471,-6.02,-5.94,-5.35,-7.8,0.0
dude_472,-6.32,-6.23,-5.68,-7.72,0.0
dude_473,-5.6,-5.54,-4.93,-7.4,0.0
dude_474,-5.95,-5.88,-5.36,-7.72,0.0
dude_475,-5.98,-5.94,-5.2,-7.69,0.0
dude_476,-5.85,-5.79,-5.22,-6.98,0.0
dude_477,-5.57,-5.52,4.54,-8.52,0.0
dude_478,-6.16,-6.12,-5.49,-7.77,0.0
dude_479,-5.2,-5.13,-4.51,-6.74,0.0
dude_48,-6.34,-6.27,-5.7,-7.76,0.0
dude_480,-5.63,-5.59,-4.45,-7.78,0.0
dude_481,-5.37,-5.35,-1.13,-8.02,0.0
dude_482,-6.6,-6.51,-5.9,-8.31,0.0
dude_483,-6.04,-6.03,10.35,-7.98,0.0
dude_484,-5.69,-5.64,-5.06,-7.48,0.0
dude_485,-5.96,-5.94,-5.16,-7.19,0.0
dude_486,-6.03,-5.95,-0.64,-7.85,0.0
dude_487,-6.07,-6.0,-5.36,-8.24,0.0
dude_488,-5.76,-5.7,-4.86,-7.58,0.0
dude_489,-5.99,-5.94,-5.11,-8.06,0.0
dude_49,-6.51,-6.42,-5.91,-7.82,0.0
dude_490,-6.35,-6.28,-5.66,-8.05,0.0
dude_491,-6.16,-6.06,-5.44,-8.38,0.0
dude_492,-6.33,-6.24,-5.76,-7.99,0.0
dude_493,-4.98,-4.92,-4.48,-6.09,0.0
dude_494,-5.02,-4.89,-4.07,-7.08,0.0
dude_495,-6.36,-6.3,-5.76,-7.84,0.0
dude_496,-6.32,-6.28,21.37,-8.63,0.0
dude_497,-6.44,-6.38,-5.76,-8.04,0.0
dude_498,-6.15,-6.08,-5.48,-7.67,0.0
dude_499,-5.32,-5.31,7.8,-6.84,0.0
dude_5,-5.66,-5.6,-4.84,-7.38,0.0
dude_50,-6.28,-6.15,-5.01,-9.06,0.0
dude_500,-6.36,-6.25,-5.62,-8.46,0.0
dude_501,-5.52,-5.47,-4.86,-7.07,0.0
dude_502,-5.42,-5.36,-4.64,-6.72,0.0
dude_503,-5.76,-5.72,-5.19,-7.07,0.0
dude_504,-5.34,-5.31,8.36,-7.89,0.0
dude_505,-5.49,-5.43,-4.87,-7.32,0.0
dude_506,-5.17,-5.11,-4.67,-6.3,0.0
dude_507,-5.2,-5.14,-4.54,-6.74,0.0
dude_508,-6.06,-6.0,-5.47,-7.32,0.0
dude_509,-4.91,-4.88,-4.22,-6.8,0.0
dude_51,-7.17,-7.09,-6.18,-9.51,0.0
dude_510,-5.31,-5.26,-4.68,-6.78,0.0
dude_511,-5.41,-5.33,-4.64,-7.59,0.0
dude_512,-5.47,-5.43,-4.78,-6.73,0.0
dude_513,-5.36,-5.3,-4.63,-7.11,0.0
dude_514,-5.69,-5.64,-5.15,-6.96,0.0
dude_515,-5.51,-5.46,-5.05,-6.63,0.0
dude_516,-5.24,-5.18,0.14,-7.09,0.0
dude_517,-6.48,-6.41,-5.86,-8.15,0.0
dude_518,-5.75,-5.68,-5.1,-7.55,0.0
dude_519,-6.08,-6.0,-5.37,-7.62,0.0
dude_52,-6.17,-6.07,-5.25,-7.98,0.0
dude_520,-5.04,-4.97,-4.55,-6.39,0.0
dude_521,-5.34,-5.23,-4.38,-7.64,0.0
dude_522,-5.23,-5.19,-4.22,-6.99,0.0
dude_523,-5.47,-5.43,-4.78,-6.7,0.0
dude_524,-6.26,-6.14,-5.49,-8.19,0.0
dude_525,-5.41,-5.4,1.8,-6.97,0.0
dude_526,-5.73,-5.68,-4.99,-7.33,0.0
dude_527,-5.86,-5.84,-5.14,-7.18,0.0
dude_528,-6.13,-6.06,-5.34,-7.6,0.0
dude_529,-6.14,-6.08,-5.5,-7.64,0.0
dude_53,-6.8,-6.77,-5.91,-9.23,0.0
dude_530,-5.3,-5.25,-4.68,-6.78,0.0
dude_531,-6.08,-6.03,-5.47,-7.55,0.0
dude_532,-5.48,-5.44,-4.77,-6.85,0.0
dude_533,-5.9,-5.85,-5.18,-7.6,0.0
dude_534,-5.94,-5.86,-5.15,-8.63,0.0
dude_535,-5.97,-5.92,23.99,-8.32,0.0
dude_536,-5.99,-5.92,-5.39,-7.71,0.0
dude_537,-5.53,-5.45,-4.88,-7.84,0.0
dude_538,-5.97,-5.9,-5.23,-8.2,0.0
dude_539,-5.61,-5.56,-5.09,-6.66,0.0
dude_54,-6.21,-6.18,-5.18,-8.16,0.0
dude_540,-5.83,-5.78,-5.08,-7.95,0.0
dude_541,-5.76,-5.7,-5.03,-7.25,0.0
dude_542,-5.77,-5.7,-5.13,-7.44,0.0
dude_543,-5.85,-5.78,-5.24,-7.34,0.0
dude_544,-5.73,-5.68,-3.53,-7.66,0.0
dude_545,-6.05,-5.95,-5.47,-7.58,0.0
dude_546,-5.75,-5.7,-5.04,-7.39,0.0
dude_547,-6.75,-6.68,-6.13,-8.67,0.0
dude_548,-6.22,-6.17,-5.65,-7.89,0.0
dude_549,-6.39,-6.32,-5.75,-7.83,0.0
dude_55,-6.1,-6.0,-5.25,-8.41,0.0
dude_550,-6.46,-6.33,-5.76,-8.59,0.0
dude_551,-5.93,-5.88,-5.26,-7.42,0.0
dude_552,-5.9,-5.84,-5.09,-7.79,0.0
dude_553,-6.1,-5.99,-5.48,-7.8,0.0
dude_554,-5.77,-5.79,9.99,-7.77,0.0
dude_555,-6.2,-6.14,-5.46,-7.64,0.0
dude_556,-6.14,-6.05,-5.3,-7.89,0.0
dude_557,-5.83,-5.76,-4.94,-7.44,0.0
dude_558,-6.21,-6.17,-5.5,-7.66,0.0
dude_559,-5.46,-5.37,-4.67,-7.32,0.0
dude_56,-7.37,-7.3,-2.12,-9.28,0.0
dude_560,-6.05,-5.98,-5.41,-7.42,0.0
dude_561,-6.57,-6.5,-5.91,-8.2,0.0
dude_562,-6.59,-6.51,-5.98,-7.97,0.0
dude_563,-6.57,-6.5,-5.96,-8.85,0.0
dude_564,-6.4,-6.31,-5.73,-8.16,0.0
dude_565,-6.26,-6.2,-5.74,-7.56,0.0
dude_566,-6.67,-6.61,-5.97,-8.26,0.0
dude_567,-6.31,-6.28,15.23,-8.32,0.0
dude_568,-6.45,-6.4,-5.78,-7.91,0.0
dude_569,-7.03,-6.98,-6.2,-8.64,0.0
dude_57,-4.99,-5.03,1.17,-7.65,0.0
dude_570,-6.13,-6.07,-5.41,-7.82,0.0
dude_571,-6.08,-5.95,-5.42,-8.2,0.0
dude_572,-6.35,-6.28,-5.75,-7.9,0.0
dude_573,-6.41,-6.33,-5.64,-8.33,0.0
dude_574,-6.53,-6.49,7.81,-8.91,0.0
dude_575,-6.24,-6.36,77.15,-8.27,0.0
dude_576,-6.71,-6.7,-5.94,-8.28,0.0
dude_577,-6.14,-6.05,-5.27,-7.84,0.0
dude_578,-6.73,-6.67,-6.13,-8.07,0.0
dude_579,-6.06,-6.01,-3.6,-7.45,0.0
dude_58,-6.33,-6.3,-5.62,-7.6,0.0
dude_580,-5.66,-5.59,-4.98,-7.39,0.0
dude_581,-6.29,-6.21,-5.53,-8.29,0.0
dude_582,-6.35,-6.3,-5.61,-8.02,0.0
dude_583,-5.99,-5.95,-5.27,-7.23,0.0
dude_584,-6.07,-6.01,-5.41,-7.85,0.0
dude_585,-6.41,-6.35,-5.78,-7.96,0.0
dude_586,-6.15,-6.07,-5.5,-8.19,0.0
dude_587,-5.79,-5.76,-4.98,-7.4,0.0
dude_588,-6.49,-6.41,-5.64,-8.65,0.0
dude_589,-6.79,-6.69,-6.07,-8.59,0.0
dude_59,-6.24,-6.16,-5.16,-8.13,0.0
dude_590,-5.81,-5.77,-5.16,-7.03,0.0
dude_591,-5.88,-5.81,-5.11,-7.44,0.0
dude_592,-6.07,-6.04,-5.24,-7.87,0.0
dude_593,-6.72,-6.68,-5.97,-8.83,0.0
dude_594,-5.94,-5.87,-5.15,-7.82,0.0
dude_595,-6.98,-6.9,-6.26,-9.03,0.0
dude_596,-6.41,-6.34,-5.82,-7.57,0.0
dude_597,-6.07,-5.96,-5.36,-7.74,0.0
dude_598,-6.68,-6.63,-5.97,-8.51,0.0
dude_599,-7.08,-7.02,-6.33,-8.98,0.0
dude_6,-6.73,-6.65,-4.93,-8.94,0.0
dude_60,-5.68,-5.62,-4.92,-7.46,0.0
dude_600,-6.12,-6.08,-5.44,-7.79,0.0
dude_601,-5.73,-5.69,-5.13,-7.1,0.0
dude_602,-5.5,-5.46,-4.87,-7.06,0.0
dude_603,-5.76,-5.69,-5.26,-7.19,0.0
dude_604,-5.58,-5.5,-4.84,-7.5,0.0
dude_605,-5.54,-5.51,-4.87,-6.85,0.0
dude_606,-5.96,-5.9,-5.38,-7.16,0.0
dude_607,-5.27,-5.17,-4.51,-7.02,0.0
dude_608,-6.11,-6.08,-5.33,-7.36,0.0
dude_609,-4.92,-4.88,-4.3,-6.01,0.0
dude_61,-6.08,-6.0,1.02,-8.7,0.0
dude_610,-6.01,-5.95,-5.39,-7.5,0.0
dude_611,-5.44,-5.38,-4.81,-6.74,0.0
dude_612,-5.51,-5.46,-5.0,-6.67,0.0
dude_613,-5.82,-5.75,-5.0,-7.66,0.0
dude_614,-4.9,-4.82,-4.14,-6.5,0.0
dude_615,-5.21,-5.16,-4.59,-6.71,0.0
dude_616,-5.53,-5.48,-4.84,-6.78,0.0
dude_617,-4.82,-4.74,-4.14,-6.5,0.0
dude_618,-5.93,-5.86,-5.39,-7.24,0.0
dude_619,-5.93,-5.91,-5.21,-7.12,0.0
dude_62,-6.47,-6.38,-5.55,-9.13,0.0
dude_620,-4.99,-4.96,-4.38,-6.21,0.0
dude_621,-5.58,-5.5,-4.97,-6.81,0.0
dude_622,-5.27,-5.24,-4.66,-6.54,0.0
dude_623,-5.98,-5.91,-5.42,-7.84,0.0
dude_624,-5.74,-5.68,-5.16,-6.96,0.0
dude_625,-5.26,-5.19,-4.4,-6.77,0.0
dude_626,-5.66,-5.57,-4.99,-8.04,0.0
dude_627,-6.12,-6.04,-5.46,-7.68,0.0
dude_628,-5.23,-5.15,-4.62,-6.79,0.0
dude_629,-5.31,-5.23,-4.6,-6.93,0.0
dude_63,-6.47,-6.4,-4.19,-8.26,0.0
dude_630,-6.2,-6.13,-5.53,-8.03,0.0
dude_631,-5.56,-5.5,-4.46,-7.81,0.0
dude_632,-4.97,-4.94,-4.2,-6.51,0.0
dude_633,-6.35,-6.27,-5.66,-8.59,0.0
dude_634,-5.06,-5.04,-4.17,-6.53,0.0
dude_635,-5.64,-5.53,1.43,-8.06,0.0
dude_636,-5.48,-5.46,-4.66,-6.86,0.0
dude_637,-5.83,-5.74,-5.07,-7.37,0.0
dude_638,-6.32,-6.24,-5.64,-7.95,0.0
dude_639,-5.83,-5.71,-4.32,-8.03,0.0
dude_64,-5.68,-5.61,-0.38,-8.16,0.0
dude_640,-4.91,-4.88,-4.39,-5.97,0.0
dude_641,-4.83,-4.78,-4.27,-5.86,0.0
dude_642,-5.76,-5.71,-5.09,-6.98,0.0
dude_643,-5.81,-5.74,-5.08,-7.37,0.0
dude_644,-5.46,-5.43,-4.67,-6.73,0.0
dude_645,-5.25,-5.19,-4.56,-6.74,0.0
dude_646,-5.63,-5.54,-4.49,-8.23,0.0
dude_647,-5.66,-5.61,-5.1,-7.16,0.0
dude_648,-5.91,-5.83,-5.32,-7.43,0.0
dude_649,-5.58,-5.51,-4.94,-7.37,0.0
dude_65,-6.0,-5.91,-5.11,-8.05,0.0
dude_650,-5.59,-5.53,-4.83,-7.22,0.0
dude_651,-5.66,-5.59,0.16,-7.74,0.0
dude_652,-5.67,-5.56,-4.78,-7.5,0.0
dude_653,-6.53,-6.46,-5.83,-8.75,0.0
dude_654,-5.93,-5.86,-5.19,-7.46,0.0
dude_655,-5.5,-5.43,-4.06,-7.87,0.0
dude_656,-6.59,-6.51,-5.73,-9.08,0.0
dude_657,-5.81,-5.76,-1.72,-8.07,0.0
dude_658,-5.77,-5.73,-4.9,-7.57,0.0
dude_659,-6.2,-6.1,-5.42,-8.25,0.0
dude_66,-6.69,-6.63,12.89,-8.78,0.0
dude_660,-6.29,-6.17,-5.62,-8.64,0.0
dude_661,-6.05,-5.97,-5.32,-8.49,0.0
dude_662,-6.11,-6.02,-5.44,-8.09,0.0
dude_663,-5.25,-5.22,-4.45,-6.86,0.0
dude_664,-5.68,-5.58,-4.88,-7.39,0.0
dude_665,-5.21,-5.19,10.83,-7.03,0.0
dude_666,-5.24,-5.18,-4.56,-6.54,0.0
dude_667,-5.74,-5.69,-4.73,-8.1,0.0
dude_668,-5.32,-5.3,-4.47,-6.84,0.0
dude_669,-5.6,-5.56,-4.55,-7.65,0.0
dude_67,-6.71,-6.63,-6.11,-8.24,0.0
dude_670,-5.6,-5.52,-4.85,-7.28,0.0
dude_671,-6.08,-6.02,-5.37,-7.77,0.0
dude_672,-5.71,-5.63,-4.78,-7.76,0.0
dude_673,-5.2,-5.17,-4.39,-7.15,0.0
dude_674,-6.47,-6.37,-5.71,-8.19,0.0
dude_675,-5.7,-5.62,-5.17,-7.37,0.0
dude_676,-6.15,-6.05,-5.5,-8.12,0.0
dude_677,-5.83,-5.73,-5.2,-8.03,0.0
dude_678,-5.51,-5.42,-4.57,-7.52,0.0
dude_679,-6.05,-6.01,-5.4,-7.56,0.0
dude_68,-5.75,-5.72,-5.05,-7.09,0.0
dude_680,-5.65,-5.6,-4.83,-7.46,0.0
dude_681,-5.87,-5.85,-5.21,-7.06,0.0
dude_682,-5.55,-5.52,-4.74,-7.58,0.0
dude_683,-5.82,-5.76,-5.02,-7.83,0.0
dude_684,-5.37,-5.34,-4.71,-6.45,0.0
dude_685,-5.69,-5.59,-5.08,-7.26,0.0
dude_686,-5.2,-5.12,-4.47,-6.5,0.0
dude_687,-6.36,-6.33,-5.64,-7.65,0.0
dude_688,-5.49,-5.42,-4.94,-6.8,0.0
dude_689,-5.61,-5.56,-4.9,-8.02,0.0
dude_69,3.17,-4.48,537.9,-8.88,0.0
dude_690,-5.29,-5.28,-4.57,-6.58,0.0
dude_691,-6.38,-6.29,-5.56,-8.12,0.0
dude_692,-6.06,-5.98,-5.44,-7.67,0.0
dude_693,-5.22,-5.16,-4.48,-6.5,0.0
dude_694,-5.37,-5.37,-4.52,-6.84,0.0
dude_695,-6.01,-5.97,-5.02,-7.36,0.0
dude_696,-5.58,-5.52,4.2,-7.22,0.0
dude_697,-5.13,-5.08,-4.11,-7.19,0.0
dude_698,-5.92,-5.87,-5.1,-7.58,0.0
dude_699,-4.95,-4.9,-4.32,-6.52,0.0
dude_7,-6.5,-6.41,-0.16,-9.32,0.0
dude_70,-6.92,-6.84,-6.22,-8.54,0.0
dude_700,-6.05,-5.99,-5.33,-7.91,0.0
dude_701,-6.3,-6.24,-5.43,-7.87,0.0
dude_702,-5.94,-5.86,-5.2,-7.78,0.0
dude_703,-5.84,-5.8,-5.08,-7.46,0.0
dude_704,-5.86,-5.79,-5.23,-7.31,0.0
dude_705,-4.69,-4.64,-4.03,-6.3,0.0
dude_706,-5.59,-5.54,-1.93,-7.8,0.0
dude_707,-5.98,-5.92,-5.33,-7.41,0.0
dude_708,-5.78,-5.7,-4.96,-7.97,0.0
dude_709,-5.72,-5.65,-5.08,-7.63,0.0
dude_71,-6.43,-6.36,-5.58,-8.25,0.0
dude_710,-5.93,-5.87,-5.3,-7.34,0.0
dude_711,-5.74,-5.69,-4.86,-7.47,0.0
dude_712,-4.89,-4.85,-4.17,-6.18,0.0
dude_713,-5.64,-5.58,-4.86,-8.05,0.0
dude_714,-5.18,-5.13,-4.38,-6.68,0.0
dude_715,-5.46,-5.44,-4.69,-6.84,0.0
dude_716,-6.51,-6.46,-5.79,-8.06,0.0
dude_717,-5.76,-5.7,-5.17,-7.15,0.0
dude_718,-6.07,-6.03,-5.35,-7.96,0.0
dude_719,-5.88,-5.94,46.51,-7.32,0.0
dude_72,-5.8,-5.7,-4.08,-9.43,0.0
dude_720,-6.13,-6.07,-5.4,-8.36,0.0
dude_721,-5.5,-5.42,-4.71,-7.21,0.0
dude_722,-5.67,-5.61,-4.77,-7.85,0.0
dude_723,-6.04,-5.97,-5.18,-8.3,0.0
dude_724,-5.69,-5.64,-5.06,-7.36,0.0
dude_725,-5.65,-5.58,-5.0,-7.07,0.0
dude_726,-5.34,-5.32,-4.63,-6.65,0.0
dude_727,-6.07,-6.02,-5.43,-7.42,0.0
dude_728,-5.29,-5.26,-4.66,-7.17,0.0
dude_729,-5.77,-5.71,-5.04,-8.01,0.0
dude_73,-6.26,-6.2,-5.12,-7.46,0.0
dude_730,-6.25,-6.2,-5.54,-7.93,0.0
dude_731,-4.62,-4.58,-3.86,-5.86,0.0
dude_732,-5.91,-5.85,-5.31,-7.37,0.0
dude_733,-6.17,-6.1,-5.44,-8.19,0.0
dude_734,-5.07,-5.02,-4.43,-6.64,0.0
dude_735,-5.48,-5.43,-4.71,-6.9,0.0
dude_736,-5.36,-5.4,-4.26,-6.77,0.0
dude_737,-5.25,-5.19,-4.35,-6.77,0.0
dude_738,-5.03,-4.98,-4.33,-6.9,0.0
dude_739,-5.54,-5.53,-4.75,-6.91,0.0
dude_74,-6.42,-6.3,-5.52,-8.69,0.0
dude_740,-5.71,-5.64,-5.08,-7.48,0.0
dude_741,-6.17,-6.14,-5.27,-7.97,0.0
dude_742,-6.45,-6.38,-5.72,-8.08,0.0
dude_743,-6.09,-6.02,-5.55,-7.91,0.0
dude_744,-5.66,-5.6,-4.97,-7.1,0.0
dude_745,-5.72,-5.68,-4.97,-7.4,0.0
dude_746,-5.65,-5.57,0.05,-7.86,0.0
dude_747,-5.35,-5.31,-4.32,-7.2,0.0
dude_748,-5.44,-5.34,-4.63,-8.12,0.0
dude_749,-5.89,-5.86,-5.16,-7.29,0.0
dude_75,-6.78,-6.75,-6.0,-8.34,0.0
dude_750,-4.96,-4.93,-4.34,-6.2,0.0
dude_751,-5.0,-4.95,-3.79,-7.06,0.0
dude_752,-5.65,-5.59,-4.96,-7.28,0.0
dude_753,-5.81,-5.75,-5.11,-7.3,0.0
dude_754,-5.55,-5.46,-4.7,-7.61,0.0
dude_755,-6.29,-6.22,-5.65,-7.72,0.0
dude_756,-6.11,-6.04,-5.39,-7.77,0.0
dude_757,-6.25,-6.21,-5.54,-7.57,0.0
dude_758,-5.01,-4.97,-4.08,-6.62,0.0
dude_759,-5.73,-5.65,-4.99,-8.28,0.0
dude_76,-3.82,-4.68,250.8,-8.33,0.0
dude_760,-6.05,-5.99,-5.41,-7.94,0.0
dude_761,-4.87,-4.78,-3.75,-7.28,0.0
dude_762,-5.28,-5.17,-4.51,-7.43,0.0
dude_763,-6.15,-6.07,-5.48,-7.96,0.0
dude_764,-5.93,-5.84,-5.0,-8.46,0.0
dude_765,-5.72,-5.61,-4.98,-7.57,0.0
dude_766,-5.9,-5.84,-5.2,-7.36,0.0
dude_767,-5.61,-5.54,-4.96,-6.74,0.0
dude_768,-5.83,-5.78,-5.17,-7.43,0.0
dude_769,-5.85,-5.77,-5.0,-7.45,0.0
dude_77,-6.13,-6.06,-5.2,-8.34,0.0
dude_770,-5.79,-5.69,-5.04,-8.09,0.0
dude_771,-5.1,-5.01,0.61,-6.89,0.0
dude_772,-5.72,-5.66,-4.83,-7.68,0.0
dude_773,-5.77,-5.66,-5.01,-7.84,0.0
dude_774,-5.87,-5.79,-5.09,-7.7,0.0
dude_775,-5.54,-5.47,-4.87,-7.37,0.0
dude_776,-6.56,-6.5,-5.82,-7.9,0.0
dude_777,-5.44,-5.41,-4.78,-7.04,0.0
dude_778,-5.39,-5.32,-4.78,-6.95,0.0
dude_779,-5.73,-5.67,-5.06,-7.2,0.0
dude_78,-7.15,-7.06,-6.46,-8.89,0.0
dude_780,-6.03,-5.99,-5.27,-7.83,0.0
dude_781,-6.19,-6.11,-5.46,-7.82,0.0
dude_782,-5.67,-5.62,-5.04,-8.14,0.0
dude_783,-6.77,-6.68,-5.91,-8.56,0.0
dude_784,-6.04,-5.97,-5.21,-7.78,0.0
dude_785,-6.59,-6.48,-5.82,-8.58,0.0
dude_786,-5.95,-5.86,-5.19,-8.27,0.0
dude_787,-6.24,-6.18,-5.62,-7.89,0.0
dude_788,-5.91,-5.85,-5.24,-7.82,0.0
dude_789,-5.74,-5.69,-5.05,-7.18,0.0
dude_79,-7.12,-7.04,-4.51,-8.6,0.0
dude_790,-5.49,-5.42,-4.7,-7.06,0.0
dude_791,-5.95,-5.89,-5.12,-7.78,0.0
dude_792,-5.69,-5.6,-4.94,-7.51,0.0
dude_793,-5.72,-5.68,-4.94,-7.38,0.0
dude_794,-6.0,-5.91,-5.23,-7.86,0.0
dude_795,-5.42,-5.32,-4.66,-7.59,0.0
dude_796,-5.76,-5.68,-5.11,-7.94,0.0
dude_797,-4.8,-4.76,-4.11,-6.67,0.0
dude_798,-4.98,-4.94,-4.11,-6.88,0.0
dude_799,-5.88,-5.76,-5.12,-7.98,0.0
dude_8,-6.21,-6.11,-5.45,-8.2,0.0
dude_80,-6.04,-5.98,5.37,-7.63,0.0
dude_800,-5.83,-5.8,-5.08,-7.04,0.0
dude_801,-5.94,-5.85,-5.36,-7.64,0.0
dude_802,-4.78,-4.69,4.13,-6.83,0.0
dude_803,-6.07,-6.04,-5.52,-7.35,0.0
dude_804,-5.89,-5.86,-5.18,-7.14,0.0
dude_805,-5.49,-5.44,-4.86,-6.96,0.0
dude_806,-5.7,-5.67,-4.96,-7.14,0.0
dude_807,-5.19,-5.11,-3.89,-7.81,0.0
dude_808,-5.58,-5.55,-5.05,-6.67,0.0
dude_809,-5.81,-5.78,1.59,-7.74,0.0
dude_81,-6.67,-6.61,-5.9,-8.18,0.0
dude_810,-5.09,-5.03,-4.34,-6.51,0.0
dude_811,-5.09,-5.04,-4.42,-6.59,0.0
dude_812,-5.81,-5.75,-5.3,-6.98,0.0
dude_813,-6.01,-5.97,-5.25,-8.07,0.0
dude_814,-5.55,-5.5,-4.75,-7.42,0.0
dude_815,-4.83,-4.76,-4.13,-6.49,0.0
dude_816,-4.91,-4.74,-3.87,-7.33,0.0
dude_817,-5.29,-5.23,0.97,-7.37,0.0
dude_818,-5.65,-5.59,-5.09,-7.1,0.0
dude_819,-5.21,-5.15,-4.63,-6.78,0.0
dude_82,-6.94,-6.85,-6.2,-8.68,0.0
dude_820,-5.74,-5.71,-5.08,-7.49,0.0
dude_821,-5.7,-5.61,-4.89,-7.94,0.0
dude_822,-5.61,-5.53,-4.73,-7.38,0.0
dude_823,-5.79,-5.74,-5.0,-7.63,0.0
dude_824,-5.07,-5.02,-4.36,-6.87,0.0
dude_825,-4.8,-4.77,-3.76,-6.57,0.0
dude_826,-5.0,-4.95,-4.39,-6.46,0.0
dude_827,-5.52,-5.5,-4.79,-7.16,0.0
dude_828,-5.76,-5.69,-4.94,-7.66,0.0
dude_829,-5.54,-5.46,-3.74,-7.4,0.0
dude_83,-6.38,-6.26,19.89,-8.44,0.0
dude_830,-5.89,-5.84,-5.08,-7.78,0.0
dude_831,-5.64,-5.51,-4.71,-8.46,0.0
dude_832,-5.73,-5.7,-5.22,-6.9,0.0
dude_833,-5.12,-5.05,-4.4,-6.78,0.0
dude_834,-5.93,-5.86,-5.28,-7.41,0.0
dude_835,-5.05,-5.09,32.29,-7.73,0.0
dude_836,-5.43,-5.38,-4.65,-7.1,0.0
dude_837,-5.7,-5.65,-4.95,-7.29,0.0
dude_838,-4.62,-4.53,-2.59,-6.86,0.0
dude_839,-5.2,-5.13,-4.57,-6.95,0.0
dude_84,-6.68,-6.58,-5.87,-8.52,0.0
dude_840,-5.63,-5.57,-5.13,-6.8,0.0
dude_841,-5.82,-5.79,-5.05,-7.01,0.0
dude_842,-4.82,-4.76,-4.04,-6.2,0.0
dude_843,-5.22,-5.09,-4.33,-7.56,0.0
dude_844,-5.42,-5.38,-4.78,-6.54,0.0
dude_845,-5.71,-5.67,0.79,-7.61,0.0
dude_846,-5.71,-5.64,-4.93,-7.86,0.0
dude_847,-5.51,-5.47,-4.64,-7.32,0.0
dude_848,-5.19,-5.11,-4.39,-6.56,0.0
dude_849,-5.08,-5.03,2.4,-6.59,0.0
dude_85,-6.74,-6.62,-5.97,-8.75,0.0
dude_850,-6.5,-6.4,-5.82,-8.02,0.0
dude_851,-5.61,-5.58,-4.32,-7.48,0.0
dude_852,-5.45,-5.33,-4.51,-7.67,0.0
dude_853,-5.46,-5.4,-4.69,-7.34,0.0
dude_854,-6.26,-6.21,-5.57,-8.26,0.0
dude_855,-5.88,-5.89,44.22,-8.8,0.0
dude_856,-6.06,-6.0,-5.26,-7.72,0.0
dude_857,-5.24,-5.13,-4.38,-7.04,0.0
dude_858,-5.82,-5.73,-3.2,-7.86,0.0
dude_859,-5.58,-5.54,-4.4,-7.61,0.0
dude_86,-6.77,-6.73,-5.98,-8.72,0.0
dude_860,-6.34,-6.24,-4.14,-9.03,0.0
dude_861,-6.34,-6.25,-5.54,-8.07,0.0
dude_862,-5.99,-5.96,23.22,-8.26,0.0
dude_863,-6.34,-6.26,-5.45,-8.26,0.0
dude_864,-5.85,-5.75,-5.11,-7.55,0.0
dude_865,-5.89,-5.86,-4.7,-8.12,0.0
dude_866,-6.03,-5.98,-5.35,-7.75,0.0
dude_867,-5.53,-5.49,-4.48,-7.43,0.0
dude_868,-6.36,-6.26,-5.65,-8.64,0.0
dude_869,-6.05,-5.98,21.69,-8.43,0.0
dude_87,-7.07,-6.98,-6.34,-8.46,0.0
dude_870,-6.76,-6.66,-5.91,-9.83,0.0
dude_871,-6.41,-6.34,-5.68,-8.33,0.0
dude_872,-5.8,-5.71,-4.84,-7.79,0.0
dude_873,-6.11,-6.04,-5.31,-7.98,0.0
dude_874,-6.28,-6.22,-5.56,-7.97,0.0
dude_875,-5.92,-5.89,-4.86,-8.03,0.0
dude_876,-6.41,-6.32,-5.64,-8.35,0.0
dude_877,-6.19,-6.12,-5.6,-7.46,0.0
dude_878,-5.87,-5.81,-4.58,-8.18,0.0
dude_879,-6.14,-6.04,-5.19,-8.42,0.0
dude_88,-6.83,-6.76,-5.97,-8.6,0.0
dude_880,-5.54,-5.48,-0.95,-7.32,0.0
dude_881,-5.53,-5.49,-4.79,-7.22,0.0
dude_882,-6.89,-6.8,-6.09,-9.16,0.0
dude_883,-6.09,-5.98,-5.28,-8.5,0.0
dude_884,-5.86,-5.81,-4.91,-7.8,0.0
dude_885,-6.16,-6.13,-5.18,-7.74,0.0
dude_886,-5.98,-5.92,-5.15,-7.77,0.0
dude_887,-6.18,-6.08,-5.4,-8.42,0.0
dude_888,-5.69,-5.6,-5.0,-7.36,0.0
dude_889,-6.05,-6.0,-5.0,-8.01,0.0
dude_89,-7.1,-7.05,-6.17,-8.91,0.0
dude_890,-6.02,-5.91,-5.24,-7.9,0.0
dude_891,-6.32,-6.27,-5.57,-7.75,0.0
dude_892,-6.38,-6.33,-5.63,-8.44,0.0
dude_893,-5.97,-5.9,-5.04,-8.06,0.0
dude_894,-5.59,-5.5,-4.77,-7.68,0.0
dude_895,-5.65,-5.59,-4.89,-7.01,0.0
dude_896,-5.52,-5.46,-3.94,-8.24,0.0
dude_897,-5.35,-5.33,-2.86,-7.37,0.0
dude_898,-6.05,-5.96,0.41,-9.2,0.0
dude_899,-6.38,-6.25,-5.62,-8.28,0.0
dude_9,-5.79,-5.77,5.56,-8.54,0.0
dude_90,-6.18,-6.18,48.78,-8.53,0.0
dude_900,-6.39,-6.35,-5.53,-8.31,0.0
dude_901,-5.67,-5.61,-4.82,-7.74,0.0
dude_902,-5.66,-5.63,-4.55,-8.01,0.0
dude_903,-5.78,-5.75,-5.12,-7.16,0.0
dude_904,-5.48,-5.42,12.24,-7.89,0.0
dude_905,-6.09,-5.99,-5.4,-8.06,0.0
dude_906,-5.25,-5.21,-4.47,-6.68,0.0
dude_907,-5.31,-5.26,-2.62,-6.88,0.0
dude_908,-6.19,-6.14,-5.4,-8.32,0.0
dude_909,-5.03,-5.0,-4.2,-6.85,0.0
dude_91,-6.22,-6.11,-5.54,-7.98,0.0
dude_910,-6.09,-6.02,-5.39,-7.89,0.0
dude_911,-5.65,-5.56,-4.79,-7.7,0.0
dude_912,-5.87,-5.82,1.6,-7.82,0.0
dude_913,-6.49,-6.45,-5.73,-8.44,0.0
dude_914,-5.5,-5.37,-4.23,-8.1,0.0
dude_915,-5.77,-5.72,-5.15,-7.14,0.0
dude_916,-5.61,-5.52,-4.7,-7.78,0.0
dude_917,-5.5,-5.43,-4.9,-7.31,0.0
dude_918,-6.15,-6.09,-5.37,-8.25,0.0
dude_919,-5.08,-5.02,-4.31,-6.82,0.0
dude_92,-6.4,-6.32,-5.63,-8.94,0.0
dude_920,-5.84,-5.78,-5.03,-7.52,0.0
dude_921,-5.38,-5.31,-4.64,-7.26,0.0
dude_922,-5.82,-5.78,-5.18,-7.22,0.0
dude_923,-5.47,-5.38,-4.63,-7.58,0.0
dude_924,-5.7,-5.68,-4.85,-6.82,0.0
dude_925,-5.39,-5.36,-4.68,-6.75,0.0
dude_926,-5.6,-5.56,-4.79,-7.03,0.0
dude_927,-6.26,-6.18,-5.47,-8.82,0.0
dude_928,-5.78,-5.67,-4.77,-7.76,0.0
dude_929,-5.58,-5.5,-4.82,-7.44,0.0
dude_93,-4.27,-4.8,83.16,-8.23,0.0
dude_930,-5.78,-5.72,-4.86,-8.03,0.0
dude_931,-5.95,-5.91,-5.07,-7.75,0.0
dude_932,-5.57,-5.53,-4.9,-7.09,0.0
dude_933,-5.39,-5.31,-4.75,-7.04,0.0
dude_934,-5.55,-5.5,-4.58,-7.49,0.0
dude_935,-5.32,-5.25,-4.35,-7.4,0.0
dude_936,-5.76,-5.73,-5.09,-6.86,0.0
dude_937,-5.49,-5.43,-4.79,-7.39,0.0
dude_938,-5.57,-5.49,-4.87,-7.51,0.0
dude_939,-5.47,-5.43,-4.64,-7.16,0.0
dude_94,-6.19,-6.09,-5.52,-8.02,0.0
dude_940,-5.73,-5.7,-4.79,-7.2,0.0
dude_941,-6.19,-6.08,-5.46,-8.31,0.0
dude_942,-5.64,-5.54,-4.55,-8.1,0.0
dude_943,-6.06,-5.97,-5.26,-8.23,0.0
dude_944,-5.41,-5.37,-4.67,-7.16,0.0
dude_945,-5.41,-5.33,-3.86,-7.16,0.0
dude_946,-5.19,-5.14,-4.44,-6.59,0.0
dude_947,-5.78,-5.73,-5.06,-7.26,0.0
dude_948,-6.18,-6.09,-5.47,-8.05,0.0
dude_949,-5.94,-5.84,-4.96,-7.96,0.0
dude_95,-6.73,-6.6,-5.88,-8.86,0.0
dude_950,-5.76,-5.71,-5.18,-6.86,0.0
dude_951,-5.38,-5.35,-4.54,-7.21,0.0
dude_952,-4.91,-4.91,-2.16,-7.39,0.0
dude_953,-6.13,-6.05,-5.44,-7.82,0.0
dude_954,-5.62,-5.54,-4.9,-7.36,0.0
dude_955,-4.97,-4.89,-4.25,-6.58,0.0
dude_956,-5.73,-5.64,-4.92,-7.54,0.0
dude_957,-6.29,-6.23,-5.7,-7.77,0.0
dude_958,-5.17,-5.25,-3.54,-7.37,0.0
dude_959,-5.07,-4.94,8.1,-8.01,0.0
dude_96,-6.24,-6.18,-5.45,-7.95,0.0
dude_960,-6.45,-6.4,-5.75,-8.33,0.0
dude_961,-5.87,-5.83,-5.22,-7.33,0.0
dude_962,-7.19,-7.14,-6.56,-8.78,0.0
dude_963,-5.9,-5.78,-5.16,-7.93,0.0
dude_964,-6.02,-5.95,-5.15,-8.0,0.0
dude_965,-5.94,-5.9,-5.12,-7.55,0.0
dude_966,-5.85,-5.79,-5.21,-7.16,0.0
dude_967,-5.62,-5.53,1.14,-7.49,0.0
dude_968,-5.88,-5.82,-5.13,-7.57,0.0
dude_969,-6.81,-6.76,-6.18,-8.19,0.0
dude_97,-7.35,-7.24,-6.58,-9.62,0.0
dude_970,-6.17,-6.1,-5.42,-7.78,0.0
dude_971,-5.25,-5.3,-4.21,-6.63,0.0
dude_972,-5.55,-5.45,-4.57,-7.87,0.0
dude_973,-5.74,-5.68,-5.15,-7.12,0.0
dude_974,-6.18,-6.11,-5.52,-7.81,0.0
dude_975,-5.3,-5.29,-4.37,-7.52,0.0
dude_976,-5.87,-5.82,-4.95,-7.81,0.0
dude_977,-5.79,-5.75,-4.84,-8.08,0.0
dude_978,-6.43,-6.37,-5.56,-8.26,0.0
dude_979,-5.61,-5.54,-4.67,-7.55,0.0
dude_98,-7.49,-7.42,-6.72,-9.31,0.0
dude_980,-6.24,-6.18,-5.39,-7.57,0.0
dude_981,-5.92,-5.85,-5.26,-7.45,0.0
dude_982,-6.24,-6.18,-5.37,-7.81,0.0
dude_983,-5.54,-5.5,-4.88,-7.02,0.0
dude_984,-4.96,-4.92,-4.08,-7.01,0.0
dude_985,-6.61,-6.5,-5.99,-8.24,0.0
dude_986,-6.7,-6.62,-5.92,-8.45,0.0
dude_987,-5.23,-5.2,-4.57,-6.57,0.0
dude_988,-5.98,-5.9,-5.36,-7.4,0.0
dude_989,-4.84,-4.79,-4.26,-6.04,0.0
dude_99,-5.59,-5.47,-3.95,-7.9,0.0
dude_990,-5.4,-5.37,-4.77,-6.63,0.0
dude_991,-5.67,-5.59,-5.07,-7.31,0.0
dude_992,-5.63,-5.61,-4.81,-6.82,0.0
dude_993,-6.16,-6.08,-5.39,-7.68,0.0
dude_994,-5.85,-5.77,-5.09,-7.7,0.0
dude_995,-6.25,-6.17,-5.51,-7.77,0.0
dude_996,-4.71,-4.65,2.21,-7.71,0.0
dude_997,-5.48,-5.44,-4.94,-6.76,0.0
dude_998,-6.06,-5.97,-5.35,-8.02,0.0
dude_999,-5.75,-5.7,-4.67,-8.35,0.0
